SPEC_ID	duration_seconds	harness_status	has_klee_last	num_err_files	num_vuln_assert	num_reach_assert	timeout_flag
000_error.c_889_local.oob.memfunc.length-misuse.maxcover.v5	18	H2	1	1	0
0	1	0
001_entities.c_969_local.oob.memfunc.length-misuse.maxcover.v5	24	H0	1	1	0
0	0
0	0
002_list.c_197_local.oob.memfunc.length-misuse.maxcover.v5	24	E	0	0	0	0	0
003_globals.c_564_local.oob.memfunc.length-misuse.maxcover.v5	19	E	0	0	0	0	0
004_c14n.c_1803_local.oob.memfunc.length-misuse.maxcover.v5	21	E	0	0	0	0	0
005_SAX2.c_2629_local.oob.memfunc.length-misuse.maxcover.v5	36	H0	1	3	0
0	0
0	0
006_c14n.c_1444_local.oob.memfunc.length-misuse.maxcover.v5	22	H0	1	1	0
0	0
0	0
007_parserInternals.c_1786_local.oob.memfunc.length-misuse.maxcover.v5	17	E	0	0	0	0	0
008_SAX2.c_2260_local.oob.memfunc.length-misuse.maxcover.v5	37	E	0	0	0	0	0
009_encoding.c_1745_local.oob.memfunc.length-misuse.maxcover.v5	14	E	0	0	0	0	0
010_SAX2.c_2000_local.oob.memfunc.length-misuse.maxcover.v5	24	H0	1	2	0
0	0
0	0
011_parserInternals.c_1487_local.oob.memfunc.length-misuse.maxcover.v5	25	H2	1	1	0
0	1	0
012_hash.c_1129_local.oob.memfunc.length-misuse.maxcover.v5	26	H2	1	1	0
0	1	0
013_parserInternals.c_1492_local.oob.memfunc.length-misuse.maxcover.v5	20	H2	1	3	0
0	1	0
014_parserInternals.c_1494_local.oob.memfunc.length-misuse.maxcover.v5	28	H2	1	1	0
0	1	0
015_parserInternals.c_1495_local.oob.memfunc.length-misuse.maxcover.v5	37	H2	1	1	0
0	1	0
016_HTMLtree.c_418_local.oob.memfunc.length-misuse.maxcover.v5	19	E	0	0	0	0	0
017_encoding.c_1384_local.oob.memfunc.length-misuse.maxcover.v5	19	E	0	0	0	0	0
018_runtest.c_4731_local.oob.memfunc.length-misuse.maxcover.v5	21	H0	1	1	0
0	0
0	0
019_entities.c_164_local.oob.memfunc.length-misuse.maxcover.v5	31	E	0	0	0	0	0
020_SAX2.c_1872_local.oob.memfunc.length-misuse.maxcover.v5	25	E	0	0	0	0	0
021_SAX2.c_1884_local.oob.memfunc.length-misuse.maxcover.v5	21	H0	1	1	0
0	0
0	0
022_pattern.c_1760_local.oob.memfunc.length-misuse.maxcover.v5	18	H2	1	1	0
0	1	0
023_encoding.c_1151_local.oob.memfunc.length-misuse.maxcover.v5	35	H2	1	4	1	0
0	0
024_testdict.c_325_local.oob.memfunc.length-misuse.maxcover.v5	27	E	0	0	0	0	0
025_c14n.c_829_local.oob.memfunc.length-misuse.maxcover.v5	25	H2	1	1	0
0	1	0
026_c14n.c_838_local.oob.memfunc.length-misuse.maxcover.v5	25	H0	1	1	0
0	0
0	0
027_testdict.c_162_local.oob.memfunc.length-misuse.maxcover.v5	15	E	0	0	0	0	0
028_runtest.c_4595_local.oob.memfunc.length-misuse.maxcover.v5	17	H0	1	2	0
0	0
0	0
029_c14n.c_662_local.oob.memfunc.length-misuse.maxcover.v5	17	H2	1	2	0
0	1	0
030_parserInternals.c_1230_local.oob.memfunc.length-misuse.maxcover.v5	18	E	0	0	0	0	0
031_pattern.c_1495_local.oob.memfunc.length-misuse.maxcover.v5	15	E	0	0	0	0	0
032_hash.c_259_local.oob.memfunc.length-misuse.maxcover.v5	21	H2	1	2	0
0	1	0
033_hash.c_273_local.oob.memfunc.length-misuse.maxcover.v5	23	H2	1	5	0
0	1	0
034_runtest.c_4264_local.oob.memfunc.length-misuse.maxcover.v5	11	H0	1	1	0
0	0
0	0
035_hash.c_289_local.oob.memfunc.length-misuse.maxcover.v5	23	H2	1	2	0
0	1	0
036_buf.c_823_local.oob.memfunc.length-misuse.maxcover.v5	27	H0	1	3	0
0	0
0	0
037_c14n.c_328_local.oob.memfunc.length-misuse.maxcover.v5	23	E	0	0	0	0	0
038_c14n.c_329_local.oob.memfunc.length-misuse.maxcover.v5	19	E	0	0	0	0	0
039_c14n.c_300_local.oob.memfunc.length-misuse.maxcover.v5	25	H0	1	1	0
0	0
0	0
040_c14n.c_304_local.oob.memfunc.length-misuse.maxcover.v5	24	H0	1	1	0
0	0
0	0
041_c14n.c_307_local.oob.memfunc.length-misuse.maxcover.v5	32	H0	1	1	0
0	0
0	0
042_hash.c_191_local.oob.memfunc.length-misuse.maxcover.v5	18	E	0	0	0	0	0
043_c14n.c_289_local.oob.memfunc.length-misuse.maxcover.v5	16	E	0	0	0	0	0
044_c14n.c_261_local.oob.memfunc.length-misuse.maxcover.v5	22	E	0	0	0	0	0
045_relaxng.c_10944_local.oob.memfunc.length-misuse.maxcover.v5	21	E	0	0	0	0	0
046_buf.c_721_local.oob.memfunc.length-misuse.maxcover.v5	23	H0	1	1	0
0	0
0	0
047_uri.c_2556_local.oob.memfunc.length-misuse.maxcover.v5	15	H2	1	1	0
0	1	0
048_dict.c_1037_local.oob.memfunc.length-misuse.maxcover.v5	3137	H2	1	3	0
0	1	0
049_dict.c_1048_local.oob.memfunc.length-misuse.maxcover.v5	32	E	0	0	0	0	0
050_buf.c_749_local.oob.memfunc.length-misuse.maxcover.v5	24	E	0	0	0	0	0
051_dict.c_1078_local.oob.memfunc.length-misuse.maxcover.v5	30	E	0	0	0	0	0
052_dict.c_1089_local.oob.memfunc.length-misuse.maxcover.v5	25	E	0	0	0	0	0
053_encoding.c_391_local.oob.memfunc.length-misuse.maxcover.v5	20	E	0	0	0	0	0
054_dict.c_900_local.oob.memfunc.length-misuse.maxcover.v5	1578	H2	1	4	0
0	1	0
055_dict.c_912_local.oob.memfunc.length-misuse.maxcover.v5	37	E	0	0	0	0	0
056_dict.c_942_local.oob.memfunc.length-misuse.maxcover.v5	39	H0	1	1	0
0	0
0	0
057_dict.c_954_local.oob.memfunc.length-misuse.maxcover.v5	28	E	0	0	0	0	0
058_relaxng.c_10850_local.oob.memfunc.length-misuse.maxcover.v5	25	H0	1	0	0	0	0
059_testrecurse.c_628_local.oob.memfunc.length-misuse.maxcover.v5	13	H2	1	1	0
0	1	0
060_runtest.c_3891_local.oob.memfunc.length-misuse.maxcover.v5	10	H0	1	1	0
0	0
0	0
061_dict.c_705_local.oob.memfunc.length-misuse.maxcover.v5	18	E	0	0	0	0	0
062_runtest.c_3895_local.oob.memfunc.length-misuse.maxcover.v5	25	H0	1	1	0
0	0
0	0
063_dict.c_725_local.oob.memfunc.length-misuse.maxcover.v5	34	E	0	0	0	0	0
064_uri.c_2334_local.oob.memfunc.length-misuse.maxcover.v5	49	E	0	0	0	0	0
065_uri.c_2337_local.oob.memfunc.length-misuse.maxcover.v5	42	H2	1	2	1	1	0
066_dict.c_767_local.oob.memfunc.length-misuse.maxcover.v5	25	H0	1	3	0
0	0
0	0
067_runtest.c_3922_local.oob.memfunc.length-misuse.maxcover.v5	9	H0	1	0	0	0	0
068_HTMLparser.c_5196_local.oob.memfunc.length-misuse.maxcover.v5	21	E	0	0	0	0	0
069_dict.c_601_local.oob.memfunc.length-misuse.maxcover.v5	19	H2	1	1	0
0	1	0
070_HTMLparser.c_5049_local.oob.memfunc.length-misuse.maxcover.v5	20	E	0	0	0	0	0
071_schematron.c_1718_local.oob.memfunc.length-misuse.maxcover.v5	29	E	0	0	0	0	0
072_HTMLparser.c_5064_local.oob.memfunc.length-misuse.maxcover.v5	25	E	0	0	0	0	0
073_HTMLparser.c_5068_local.oob.memfunc.length-misuse.maxcover.v5	28	H2	1	1	0
0	1	0
074_buf.c_364_local.oob.memfunc.length-misuse.maxcover.v5	33	E	0	0	0	0	0
075_testlimits.c_1332_local.oob.memfunc.length-misuse.maxcover.v5	4375	H2	1	1	1	0
0	1
076_buf.c_371_local.oob.memfunc.length-misuse.maxcover.v5	34	E	0	0	0	0	0
077_testlimits.c_1342_local.oob.memfunc.length-misuse.maxcover.v5	17	H2	1	1	1	0
0	0
078_dict.c_358_local.oob.memfunc.length-misuse.maxcover.v5	48	H2	1	3	0
0	1	0
079_dict.c_361_local.oob.memfunc.length-misuse.maxcover.v5	51	E	0	0	0	0	0
080_runtest.c_3736_local.oob.memfunc.length-misuse.maxcover.v5	19	H0	1	1	0
0	0
0	0
081_testrecurse.c_247_local.oob.memfunc.length-misuse.maxcover.v5	15	H2	1	2	1	1	0
082_dict.c_290_local.oob.memfunc.length-misuse.maxcover.v5	30	H2	1	2	0
0	1	0
083_testrecurse.c_260_local.oob.memfunc.length-misuse.maxcover.v5	18	H2	1	2	1	1	0
084_testrecurse.c_201_local.oob.memfunc.length-misuse.maxcover.v5	14	H2	1	1	1	0
0	0
085_testrecurse.c_185_local.oob.memfunc.length-misuse.maxcover.v5	8	H0	1	0	0	0	0
086_runtest.c_3651_local.oob.memfunc.length-misuse.maxcover.v5	25	H0	1	1	0
0	0
0	0
087_valid.c_7077_local.oob.memfunc.length-misuse.maxcover.v5	30	H2	1	1	0
0	1	0
088_pattern.c_334_local.oob.memfunc.length-misuse.maxcover.v5	15	E	0	0	0	0	0
089_pattern.c_308_local.oob.memfunc.length-misuse.maxcover.v5	32	E	0	0	0	0	0
090_pattern.c_261_local.oob.memfunc.length-misuse.maxcover.v5	24	H2	1	1	0
0	1	0
091_pattern.c_212_local.oob.memfunc.length-misuse.maxcover.v5	19	E	0	0	0	0	0
092_runtest.c_3486_local.oob.memfunc.length-misuse.maxcover.v5	33	H0	1	0	0	0	0
093_runtest.c_3494_local.oob.memfunc.length-misuse.maxcover.v5	24	H2	1	2	1	1	0
094_testlimits.c_336_local.oob.memfunc.length-misuse.maxcover.v5	26	H0	1	1	0
0	0
0	0
095_testlimits.c_340_local.oob.memfunc.length-misuse.maxcover.v5	17	H2	1	1	0
0	1	0
096_testlimits.c_348_local.oob.memfunc.length-misuse.maxcover.v5	26	H0	1	1	0
0	0
0	0
097_testlimits.c_352_local.oob.memfunc.length-misuse.maxcover.v5	21	H0	1	1	0
0	0
0	0
098_testlimits.c_358_local.oob.memfunc.length-misuse.maxcover.v5	13	H2	1	1	0
0	1	0
099_tree.c_9552_local.oob.memfunc.length-misuse.maxcover.v5	28	H2	1	1	0
0	1	0
100_tree.c_9577_local.oob.memfunc.length-misuse.maxcover.v5	31	H2	1	1	0
0	1	0
101_testlimits.c_283_local.oob.memfunc.length-misuse.maxcover.v5	18	H0	1	0	0	0	0
102_testlimits.c_267_local.oob.memfunc.length-misuse.maxcover.v5	7	H0	1	0	0	0	0
103_tree.c_9659_local.oob.memfunc.length-misuse.maxcover.v5	28	H0	1	1	0
0	0
0	0
104_testlimits.c_189_local.oob.memfunc.length-misuse.maxcover.v5	26	H2	1	2	0
0	1	0
105_testlimits.c_194_local.oob.memfunc.length-misuse.maxcover.v5	26	H2	1	2	0
0	1	0
106_testlimits.c_202_local.oob.memfunc.length-misuse.maxcover.v5	25	H0	1	1	0
0	0
0	0
107_testlimits.c_206_local.oob.memfunc.length-misuse.maxcover.v5	21	H0	1	1	0
0	0
0	0
108_runtest.c_3305_local.oob.memfunc.length-misuse.maxcover.v5	15	H2	1	2	1	1	0
109_testlimits.c_212_local.oob.memfunc.length-misuse.maxcover.v5	15	H2	1	2	0
0	1	0
110_testlimits.c_120_local.oob.memfunc.length-misuse.maxcover.v5	25	H0	1	0	0	0	0
111_testchar.c_602_local.oob.memfunc.length-misuse.maxcover.v5	20	E	0	0	0	0	0
112_runtest.c_3116_local.oob.memfunc.length-misuse.maxcover.v5	9	H0	1	0	0	0	0
113_testlimits.c_104_local.oob.memfunc.length-misuse.maxcover.v5	15	H0	1	0	0	0	0
114_xmlmemory.c_448_local.oob.memfunc.length-misuse.maxcover.v5	32	H0	1	1	0
0	0
0	0
115_xmlcatalog.c_129_local.oob.memfunc.length-misuse.maxcover.v5	76	E	0	0	0	0	0
116_xmlcatalog.c_145_local.oob.memfunc.length-misuse.maxcover.v5	7	H2	1	1	0
0	1	0
117_threads.c_638_local.oob.memfunc.length-misuse.maxcover.v5	17	H0	1	0	0	0	0
118_threads.c_484_local.oob.memfunc.length-misuse.maxcover.v5	20	E	0	0	0	0	0
119_catalog.c_997_local.oob.memfunc.length-misuse.maxcover.v5	22	H0	1	1	0
0	0
0	0
120_xmlmodule.c_90_local.oob.memfunc.length-misuse.maxcover.v5	24	H2	1	1	0
0	1	0
121_threads.c_339_local.oob.memfunc.length-misuse.maxcover.v5	29	H0	1	1	0
0	0
0	0
122_schematron.c_726_local.oob.memfunc.length-misuse.maxcover.v5	23	E	0	0	0	0	0
123_runtest.c_2809_local.oob.memfunc.length-misuse.maxcover.v5	15	H0	1	0	0	0	0
124_schematron.c_687_local.oob.memfunc.length-misuse.maxcover.v5	41	E	0	0	0	0	0
125_schematron.c_645_local.oob.memfunc.length-misuse.maxcover.v5	31	E	0	0	0	0	0
126_xmlregexp.c_6215_local.oob.memfunc.length-misuse.maxcover.v5	24	H2	1	1	0
0	1	0
127_xmlregexp.c_6217_local.oob.memfunc.length-misuse.maxcover.v5	30	H2	1	4	0
0	1	0
128_xmlcatalog.c_81_local.oob.memfunc.length-misuse.maxcover.v5	15	H2	1	1	0
0	1	0
129_xmlcatalog.c_87_local.oob.memfunc.length-misuse.maxcover.v5	12	H0	1	0	0	0	0
130_schematron.c_589_local.oob.memfunc.length-misuse.maxcover.v5	48	E	0	0	0	0	0
131_xmlsave.c_2629_local.oob.memfunc.length-misuse.maxcover.v5	28	E	0	0	0	0	0
132_schematron.c_537_local.oob.memfunc.length-misuse.maxcover.v5	30	H2	1	1	0
0	1	0
133_xmlsave.c_2575_local.oob.memfunc.length-misuse.maxcover.v5	38	E	0	0	0	0	0
134_relaxng.c_9384_local.oob.memfunc.length-misuse.maxcover.v5	21	E	0	0	0	0	0
135_relaxng.c_9390_local.oob.memfunc.length-misuse.maxcover.v5	25	H2	1	2	0
0	1	0
136_schematron.c_456_local.oob.memfunc.length-misuse.maxcover.v5	30	H2	1	1	0
0	1	0
137_xmlsave.c_2536_local.oob.memfunc.length-misuse.maxcover.v5	38	H2	1	5	0
0	1	0
138_xmlregexp.c_6060_local.oob.memfunc.length-misuse.maxcover.v5	24	H2	1	1	0
0	1	0
139_xmlregexp.c_6062_local.oob.memfunc.length-misuse.maxcover.v5	38	H2	1	4	0
0	1	0
140_xmlsave.c_2487_local.oob.memfunc.length-misuse.maxcover.v5	30	E	0	0	0	0	0
141_xmlregexp.c_5990_local.oob.memfunc.length-misuse.maxcover.v5	23	H2	1	1	0
0	1	0
142_xmlregexp.c_5992_local.oob.memfunc.length-misuse.maxcover.v5	23	H2	1	4	0
0	1	0
143_schematron.c_352_local.oob.memfunc.length-misuse.maxcover.v5	34	E	0	0	0	0	0
144_xmlregexp.c_5928_local.oob.memfunc.length-misuse.maxcover.v5	30	H2	1	1	0
0	1	0
145_xmlregexp.c_5930_local.oob.memfunc.length-misuse.maxcover.v5	28	H2	1	4	0
0	1	0
146_xmlsave.c_2369_local.oob.memfunc.length-misuse.maxcover.v5	36	H2	1	1	0
0	1	0
147_xmlsave.c_2284_local.oob.memfunc.length-misuse.maxcover.v5	32	E	0	0	0	0	0
148_xmlstring.c_882_local.oob.memfunc.length-misuse.maxcover.v5	19	E	0	0	0	0	0
149_runtest.c_2090_local.oob.memfunc.length-misuse.maxcover.v5	22	H2	1	1	0
0	1	0
150_uri.c_1028_local.oob.memfunc.length-misuse.maxcover.v5	19	E	0	0	0	0	0
151_xmlsave.c_2187_local.oob.memfunc.length-misuse.maxcover.v5	20	H2	1	1	0
0	1	0
152_catalog.c_413_local.oob.memfunc.length-misuse.maxcover.v5	25	E	0	0	0	0	0
153_xzlib.c_739_local.oob.memfunc.length-misuse.maxcover.v5	3065	H2	1	5	1	1	0
154_xinclude.c_311_local.oob.memfunc.length-misuse.maxcover.v5	22	E	0	0	0	0	0
155_xinclude.c_255_local.oob.memfunc.length-misuse.maxcover.v5	27	H2	1	1	0
0	1	0
156_nanohttp.c_1325_local.oob.memfunc.length-misuse.maxcover.v5	16	H2	1	1	0
0	1	0
157_xmlstring.c_509_local.oob.memfunc.length-misuse.maxcover.v5	1286	H2	1	1	0
0	1	0
158_xmlstring.c_510_local.oob.memfunc.length-misuse.maxcover.v5	20	H2	1	5	1	0
0	0
159_xmlstring.c_469_local.oob.memfunc.length-misuse.maxcover.v5	44	H2	1	1	0
0	1	0
160_timsort.h_383_local.oob.memfunc.length-misuse.maxcover.v5	34	H0	1	2	0
0	0
0	0
161_testThreads.c_115_local.oob.memfunc.length-misuse.maxcover.v5	18	H2	1	2	0
0	1	0
162_timsort.h_402_local.oob.memfunc.length-misuse.maxcover.v5	130	H2	1	2	0
0	1	0
163_nanohttp.c_1242_local.oob.memfunc.length-misuse.maxcover.v5	89	H2	1	11	0
0	1	0
164_xmlreader.c_5277_local.oob.memfunc.length-misuse.maxcover.v5	24	E	0	0	0	0	0
165_nanohttp.c_1015_local.oob.memfunc.length-misuse.maxcover.v5	23	H0	1	1	0
0	0
0	0
166_nanohttp.c_1123_local.oob.memfunc.length-misuse.maxcover.v5	22	E	0	0	0	0	0
167_runtest.c_1738_local.oob.memfunc.length-misuse.maxcover.v5	28	E	0	0	0	0	0
168_runtest.c_1767_local.oob.memfunc.length-misuse.maxcover.v5	22	E	0	0	0	0	0
169_runtest.c_1770_local.oob.memfunc.length-misuse.maxcover.v5	28	E	0	0	0	0	0
170_nanohttp.c_680_local.oob.memfunc.length-misuse.maxcover.v5	10	H0	1	0	0	0	0
171_tree.c_8101_local.oob.memfunc.length-misuse.maxcover.v5	16	E	0	0	0	0	0
172_xzlib.c_516_local.oob.memfunc.length-misuse.maxcover.v5	25	H2	1	5	1	1	0
173_tree.c_7986_local.oob.memfunc.length-misuse.maxcover.v5	15	H2	1	1	0
0	1	0
174_tree.c_7996_local.oob.memfunc.length-misuse.maxcover.v5	23	H0	1	1	0
0	0
0	0
175_tree.c_8006_local.oob.memfunc.length-misuse.maxcover.v5	24	H2	1	1	0
0	1	0
176_xmlstring.c_54_local.oob.memfunc.length-misuse.maxcover.v5	21	H2	1	2	0
0	1	0
177_xzlib.c_286_local.oob.memfunc.length-misuse.maxcover.v5	17	H2	1	1	0
0	1	0
178_xzlib.c_232_local.oob.memfunc.length-misuse.maxcover.v5	21	H0	1	3	0
0	0
0	0
179_nanohttp.c_527_local.oob.memfunc.length-misuse.maxcover.v5	23	H0	1	1	0
0	0
0	0
180_tree.c_7688_local.oob.memfunc.length-misuse.maxcover.v5	25	H0	1	1	0
0	0
0	0
181_nanohttp.c_550_local.oob.memfunc.length-misuse.maxcover.v5	28	H0	1	1	0
0	0
0	0
182_tree.c_7708_local.oob.memfunc.length-misuse.maxcover.v5	31	H0	1	1	0
0	0
0	0
183_tree.c_7709_local.oob.memfunc.length-misuse.maxcover.v5	27	E	0	0	0	0	0
184_tree.c_7635_local.oob.memfunc.length-misuse.maxcover.v5	24	H2	1	2	0
0	1	0
185_nanohttp.c_374_local.oob.memfunc.length-misuse.maxcover.v5	24	E	0	0	0	0	0
186_xmlwriter.c_4484_local.oob.memfunc.length-misuse.maxcover.v5	27	H2	1	1	1	0
0	0
187_tree.c_7544_local.oob.memfunc.length-misuse.maxcover.v5	24	H0	1	1	0
0	0
0	0
188_xmlreader.c_4654_local.oob.memfunc.length-misuse.maxcover.v5	24	E	0	0	0	0	0
189_xmlwriter.c_4496_local.oob.memfunc.length-misuse.maxcover.v5	23	H2	1	2	0
0	1	0
190_tree.c_7572_local.oob.memfunc.length-misuse.maxcover.v5	22	E	0	0	0	0	0
191_runtest.c_747_local.oob.memfunc.length-misuse.maxcover.v5	23	H0	1	0	0	0	0
192_tree.c_7338_local.oob.memfunc.length-misuse.maxcover.v5	24	H0	1	1	0
0	0
0	0
193_tree.c_7345_local.oob.memfunc.length-misuse.maxcover.v5	28	E	0	0	0	0	0
194_runtest.c_710_local.oob.memfunc.length-misuse.maxcover.v5	20	H0	1	2	0
0	0
0	0
195_runtest.c_715_local.oob.memfunc.length-misuse.maxcover.v5	39	H0	1	3	0
0	0
0	0
196_xmlregexp.c_4255_local.oob.memfunc.length-misuse.maxcover.v5	36	E	0	0	0	0	0
197_xmlregexp.c_4257_local.oob.memfunc.length-misuse.maxcover.v5	1306	H2	1	4	0
0	1	0
198_runtest.c_628_local.oob.memfunc.length-misuse.maxcover.v5	17	H0	1	0	0	0	0
199_runtest.c_648_local.oob.memfunc.length-misuse.maxcover.v5	46	H0	1	3	0
0	0
0	0
200_parser.c_11846_local.oob.memfunc.length-misuse.maxcover.v5	35	H0	1	1	0
0	0
0	0
201_runtest.c_649_local.oob.memfunc.length-misuse.maxcover.v5	30	H0	1	1	0
0	0
0	0
202_runtest.c_658_local.oob.memfunc.length-misuse.maxcover.v5	127	E	0	0	0	0	0
203_xmlIO.c_3708_local.oob.memfunc.length-misuse.maxcover.v5	39	H2	1	1	0
0	1	0
204_runtest.c_583_local.oob.memfunc.length-misuse.maxcover.v5	21	H2	1	1	0
0	1	0
205_xmlregexp.c_4115_local.oob.memfunc.length-misuse.maxcover.v5	38	E	0	0	0	0	0
206_xmlregexp.c_4164_local.oob.memfunc.length-misuse.maxcover.v5	26	H2	1	3	0
0	1	0
207_xmlregexp.c_3589_local.oob.memfunc.length-misuse.maxcover.v5	25	E	0	0	0	0	0
208_xmlregexp.c_3616_local.oob.memfunc.length-misuse.maxcover.v5	25	H2	1	2	0
0	1	0
209_xmlregexp.c_3284_local.oob.memfunc.length-misuse.maxcover.v5	27	H2	1	2	0
0	1	0
210_HTMLparser.c_2486_local.oob.memfunc.length-misuse.maxcover.v5	22	H2	1	1	0
0	1	0
211_parser.c_11087_local.oob.memfunc.length-misuse.maxcover.v5	32	H0	1	4	0
0	0
0	0
212_xmllint.c_759_local.oob.memfunc.length-misuse.maxcover.v5	13	H0	1	1	0
0	0
0	0
213_xmllint.c_765_local.oob.memfunc.length-misuse.maxcover.v5	23	H2	1	2	0
0	1	0
214_relaxng.c_6850_local.oob.memfunc.length-misuse.maxcover.v5	22	E	0	0	0	0	0
215_relaxng.c_6813_local.oob.memfunc.length-misuse.maxcover.v5	22	E	0	0	0	0	0
216_relaxng.c_6782_local.oob.memfunc.length-misuse.maxcover.v5	23	E	0	0	0	0	0
217_HTMLparser.c_2359_local.oob.memfunc.length-misuse.maxcover.v5	20	E	0	0	0	0	0
218_HTMLparser.c_2325_local.oob.memfunc.length-misuse.maxcover.v5	611	H2	1	5	0
0	1	0
219_xmlregexp.c_3241_local.oob.memfunc.length-misuse.maxcover.v5	31	H0	1	1	0
0	0
0	0
220_xmlregexp.c_3184_local.oob.memfunc.length-misuse.maxcover.v5	25	E	0	0	0	0	0
221_xmlregexp.c_3200_local.oob.memfunc.length-misuse.maxcover.v5	31	H2	1	3	1	1	0
222_xmlregexp.c_3215_local.oob.memfunc.length-misuse.maxcover.v5	32	H2	1	3	0
0	1	0
223_xmllint.c_492_local.oob.memfunc.length-misuse.maxcover.v5	21	H2	1	1	0
0	1	0
224_HTMLparser.c_2226_local.oob.memfunc.length-misuse.maxcover.v5	23	H2	1	5	0
0	1	0
225_tree.c_6272_local.oob.memfunc.length-misuse.maxcover.v5	28	H0	1	1	0
0	0
0	0
226_xmlsave.c_346_local.oob.memfunc.length-misuse.maxcover.v5	32	E	0	0	0	0	0
227_xmlsave.c_298_local.oob.memfunc.length-misuse.maxcover.v5	26	H2	1	1	0
0	1	0
228_tree.c_6139_local.oob.memfunc.length-misuse.maxcover.v5	24	H2	1	1	0
0	1	0
229_xmlsave.c_303_local.oob.memfunc.length-misuse.maxcover.v5	16	H0	1	1	0
0	0
0	0
230_valid.c_3329_local.oob.memfunc.length-misuse.maxcover.v5	29	H2	1	1	0
0	1	0
231_tree.c_6094_local.oob.memfunc.length-misuse.maxcover.v5	21	E	0	0	0	0	0
232_xmlschemas.c_28864_local.oob.memfunc.length-misuse.maxcover.v5	25	E	0	0	0	0	0
233_xmlschemastypes.c_5921_local.oob.memfunc.length-misuse.maxcover.v5	26	H2	1	2	0
0	1	0
234_xmlschemastypes.c_5931_local.oob.memfunc.length-misuse.maxcover.v5	14	H2	1	6	1	1	0
235_xmlschemastypes.c_5932_local.oob.memfunc.length-misuse.maxcover.v5	19	H0	1	4	0
0	0
0	0
236_xmlIO.c_2418_local.oob.memfunc.length-misuse.maxcover.v5	19	E	0	0	0	0	0
237_xmlIO.c_2370_local.oob.memfunc.length-misuse.maxcover.v5	25	E	0	0	0	0	0
238_xmlIO.c_2331_local.oob.memfunc.length-misuse.maxcover.v5	28	E	0	0	0	0	0
239_xmlreader.c_2007_local.oob.memfunc.length-misuse.maxcover.v5	22	H2	1	1	0
0	1	0
240_valid.c_2435_local.oob.memfunc.length-misuse.maxcover.v5	25	H2	1	1	0
0	1	0
241_xmlIO.c_1802_local.oob.memfunc.length-misuse.maxcover.v5	28	H2	1	1	0
0	1	0
242_valid.c_2219_local.oob.memfunc.length-misuse.maxcover.v5	31	E	0	0	0	0	0
243_valid.c_2074_local.oob.memfunc.length-misuse.maxcover.v5	31	H0	1	0	0	0	0
244_xmlIO.c_1500_local.oob.memfunc.length-misuse.maxcover.v5	22	H2	1	1	0
0	1	0
245_valid.c_1806_local.oob.memfunc.length-misuse.maxcover.v5	26	E	0	0	0	0	0
246_valid.c_1667_local.oob.memfunc.length-misuse.maxcover.v5	30	E	0	0	0	0	0
247_xmlIO.c_733_local.oob.memfunc.length-misuse.maxcover.v5	16	H0	1	1	0
0	0
0	0
248_valid.c_1555_local.oob.memfunc.length-misuse.maxcover.v5	23	H2	1	1	0
0	1	0
249_xmlschemas.c_27768_local.oob.memfunc.length-misuse.maxcover.v5	17	E	0	0	0	0	0
250_xmlwriter.c_436_local.oob.memfunc.length-misuse.maxcover.v5	33	H2	1	1	0
0	1	0
251_xmlwriter.c_367_local.oob.memfunc.length-misuse.maxcover.v5	28	H2	1	1	0
0	1	0
252_xmlregexp.c_909_local.oob.memfunc.length-misuse.maxcover.v5	18	E	0	0	0	0	0
253_valid.c_1012_local.oob.memfunc.length-misuse.maxcover.v5	30	H2	1	1	0
0	1	0
254_xmlregexp.c_872_local.oob.memfunc.length-misuse.maxcover.v5	23	H2	1	1	0
0	1	0
255_valid.c_1041_local.oob.memfunc.length-misuse.maxcover.v5	37	H2	1	3	0
0	1	0
256_tree.c_4298_local.oob.memfunc.length-misuse.maxcover.v5	21	H0	1	1	0
0	0
0	0
257_xmlwriter.c_192_local.oob.memfunc.length-misuse.maxcover.v5	23	H2	1	1	0
0	1	0
258_xmlregexp.c_820_local.oob.memfunc.length-misuse.maxcover.v5	35	E	0	0	0	0	0
259_valid.c_947_local.oob.memfunc.length-misuse.maxcover.v5	29	H2	1	1	0
0	1	0
260_valid.c_878_local.oob.memfunc.length-misuse.maxcover.v5	21	E	0	0	0	0	0
261_xmlregexp.c_716_local.oob.memfunc.length-misuse.maxcover.v5	25	E	0	0	0	0	0
262_xmlregexp.c_465_local.oob.memfunc.length-misuse.maxcover.v5	25	H2	1	1	0
0	1	0
263_relaxng.c_4404_local.oob.memfunc.length-misuse.maxcover.v5	28	H2	1	2	0
0	1	0
264_xmlschemastypes.c_3791_local.oob.memfunc.length-misuse.maxcover.v5	19	H0	1	1	0
0	0
0	0
265_libxml.c_3566_local.oob.memfunc.length-misuse.maxcover.v5	25	H2	1	3	1	1	0
266_libxml.c_3512_local.oob.memfunc.length-misuse.maxcover.v5	24	H0	1	1	0
0	0
0	0
267_xmlregexp.c_444_local.oob.memfunc.length-misuse.maxcover.v5	29	H2	1	3	0
0	1	0
268_libxml.c_3414_local.oob.memfunc.length-misuse.maxcover.v5	20	H2	1	1	0
0	1	0
269_libxml.c_3250_local.oob.memfunc.length-misuse.maxcover.v5	28	H2	1	1	0
0	1	0
270_relaxng.c_3808_local.oob.memfunc.length-misuse.maxcover.v5	42	H0	1	1	0
0	0
0	0
271_tree.c_2796_local.oob.memfunc.length-misuse.maxcover.v5	25	H2	1	1	0
0	1	0
272_tree.c_2762_local.oob.memfunc.length-misuse.maxcover.v5	22	H2	1	1	0
0	1	0
273_tree.c_2709_local.oob.memfunc.length-misuse.maxcover.v5	29	H2	1	2	0
0	1	0
274_tree.c_2638_local.oob.memfunc.length-misuse.maxcover.v5	22	H2	1	1	0
0	1	0
275_tree.c_2594_local.oob.memfunc.length-misuse.maxcover.v5	22	E	0	0	0	0	0
276_tree.c_2476_local.oob.memfunc.length-misuse.maxcover.v5	23	H2	1	1	0
0	1	0
277_tree.c_2443_local.oob.memfunc.length-misuse.maxcover.v5	27	H2	1	1	0
0	1	0
278_tree.c_2309_local.oob.memfunc.length-misuse.maxcover.v5	26	E	0	0	0	0	0
279_tree.c_2264_local.oob.memfunc.length-misuse.maxcover.v5	27	H2	1	1	0
0	1	0
280_tree.c_2199_local.oob.memfunc.length-misuse.maxcover.v5	32	E	0	0	0	0	0
281_libxml.c_2007_local.oob.memfunc.length-misuse.maxcover.v5	26	E	0	0	0	0	0
282_tree.c_2049_local.oob.memfunc.length-misuse.maxcover.v5	26	E	0	0	0	0	0
283_libxml.c_1809_local.oob.memfunc.length-misuse.maxcover.v5	24	H2	1	1	0
0	1	0
284_xpath.c_9931_local.oob.memfunc.length-misuse.maxcover.v5	25	H0	1	3	0
0	0
0	0
285_xmlschemas.c_25428_local.oob.memfunc.length-misuse.maxcover.v5	24	H0	1	2	0
0	0
0	0
286_tree.c_1882_local.oob.memfunc.length-misuse.maxcover.v5	37	E	0	0	0	0	0
287_relaxng.c_2800_local.oob.memfunc.length-misuse.maxcover.v5	34	E	0	0	0	0	0
288_tree.c_1175_local.oob.memfunc.length-misuse.maxcover.v5	18	E	0	0	0	0	0
289_tree.c_971_local.oob.memfunc.length-misuse.maxcover.v5	19	E	0	0	0	0	0
290_tree.c_897_local.oob.memfunc.length-misuse.maxcover.v5	36	H2	1	1	0
0	1	0
291_relaxng.c_1991_local.oob.memfunc.length-misuse.maxcover.v5	26	H2	1	1	0
0	1	0
292_tree.c_761_local.oob.memfunc.length-misuse.maxcover.v5	22	H2	1	1	0
0	1	0
293_xmlschemastypes.c_964_local.oob.memfunc.length-misuse.maxcover.v5	24	H0	1	0	0	0	0
294_relaxng.c_1650_local.oob.memfunc.length-misuse.maxcover.v5	23	E	0	0	0	0	0
295_xmlschemas.c_24350_local.oob.memfunc.length-misuse.maxcover.v5	32	H0	1	8	0
0	0
0	0
296_libxml.c_391_local.oob.memfunc.length-misuse.maxcover.v5	20	E	0	0	0	0	0
297_libxml.c_393_local.oob.memfunc.length-misuse.maxcover.v5	29	H0	1	2	0
0	0
0	0
298_xmlschemastypes.c_429_local.oob.memfunc.length-misuse.maxcover.v5	24	E	0	0	0	0	0
299_xmlschemastypes.c_445_local.oob.memfunc.length-misuse.maxcover.v5	20	H2	1	1	0
0	1	0
300_libxml.c_326_local.oob.memfunc.length-misuse.maxcover.v5	24	E	0	0	0	0	0
301_libxml.c_328_local.oob.memfunc.length-misuse.maxcover.v5	35	E	0	0	0	0	0
302_xmlschemas.c_24389_local.oob.memfunc.length-misuse.maxcover.v5	30	H0	1	1	0
0	0
0	0
303_xmlschemastypes.c_459_local.oob.memfunc.length-misuse.maxcover.v5	29	E	0	0	0	0	0
304_xmlschemastypes.c_381_local.oob.memfunc.length-misuse.maxcover.v5	22	H2	1	1	0
0	1	0
305_xmlschemastypes.c_273_local.oob.memfunc.length-misuse.maxcover.v5	23	H2	1	1	0
0	1	0
306_xmlschemas.c_24198_local.oob.memfunc.length-misuse.maxcover.v5	31	E	0	0	0	0	0
307_xmlschemastypes.c_232_local.oob.memfunc.length-misuse.maxcover.v5	55	H2	1	2	0
0	1	0
308_relaxng.c_1303_local.oob.memfunc.length-misuse.maxcover.v5	28	H2	1	1	0
0	1	0
309_relaxng.c_1307_local.oob.memfunc.length-misuse.maxcover.v5	26	H2	1	2	0
0	1	0
310_relaxng.c_1333_local.oob.memfunc.length-misuse.maxcover.v5	34	H0	1	1	0
0	0
0	0
311_relaxng.c_1221_local.oob.memfunc.length-misuse.maxcover.v5	36	H2	1	1	0
0	1	0
312_relaxng.c_1259_local.oob.memfunc.length-misuse.maxcover.v5	32	E	0	0	0	0	0
313_xmlschemas.c_23962_local.oob.memfunc.length-misuse.maxcover.v5	33	H2	1	3	0
0	1	0
314_tree.c_242_local.oob.memfunc.length-misuse.maxcover.v5	30	E	0	0	0	0	0
315_tree.c_244_local.oob.memfunc.length-misuse.maxcover.v5	27	H2	1	1	0
0	1	0
316_parser.c_4995_local.oob.memfunc.length-misuse.maxcover.v5	30	H2	1	3	0
0	1	0
317_relaxng.c_928_local.oob.memfunc.length-misuse.maxcover.v5	32	E	0	0	0	0	0
318_relaxng.c_853_local.oob.memfunc.length-misuse.maxcover.v5	22	E	0	0	0	0	0
319_xmlschemas.c_23477_local.oob.memfunc.length-misuse.maxcover.v5	23	H2	1	1	0
0	1	0
320_relaxng.c_774_local.oob.memfunc.length-misuse.maxcover.v5	23	E	0	0	0	0	0
321_xmlschemas.c_22997_local.oob.memfunc.length-misuse.maxcover.v5	29	H0	1	1	0
0	0
0	0
322_xmlschemas.c_23065_local.oob.memfunc.length-misuse.maxcover.v5	24	H2	1	3	0
0	1	0
323_xmlschemas.c_23245_local.oob.memfunc.length-misuse.maxcover.v5	24	H2	1	2	0
0	1	0
324_xmlschemas.c_22575_local.oob.memfunc.length-misuse.maxcover.v5	18	E	0	0	0	0	0
325_xpath.c_6905_local.oob.memfunc.length-misuse.maxcover.v5	30	H0	1	1	0
0	0
0	0
326_xpath.c_6923_local.oob.memfunc.length-misuse.maxcover.v5	39	H2	1	4	0
0	1	0
327_xmlschemas.c_22193_local.oob.memfunc.length-misuse.maxcover.v5	16	E	0	0	0	0	0
328_xpath.c_6269_local.oob.memfunc.length-misuse.maxcover.v5	22	E	0	0	0	0	0
329_xpath.c_6233_local.oob.memfunc.length-misuse.maxcover.v5	26	H2	1	1	0
0	1	0
330_xpath.c_6125_local.oob.memfunc.length-misuse.maxcover.v5	20	E	0	0	0	0	0
331_parser.c_3719_local.oob.memfunc.length-misuse.maxcover.v5	936	H2	1	2	0
0	1	0
332_parser.c_3621_local.oob.memfunc.length-misuse.maxcover.v5	25	E	0	0	0	0	0
333_xpath.c_5633_local.oob.memfunc.length-misuse.maxcover.v5	62	H0	1	11	0
0	0
0	0
334_xpath.c_5636_local.oob.memfunc.length-misuse.maxcover.v5	38	E	0	0	0	0	0
335_xpath.c_5393_local.oob.memfunc.length-misuse.maxcover.v5	16	E	0	0	0	0	0
336_xpath.c_5364_local.oob.memfunc.length-misuse.maxcover.v5	18	H2	1	1	0
0	1	0
337_xpath.c_5325_local.oob.memfunc.length-misuse.maxcover.v5	25	H2	1	1	0
0	1	0
338_xpath.c_5299_local.oob.memfunc.length-misuse.maxcover.v5	23	E	0	0	0	0	0
339_xpath.c_5270_local.oob.memfunc.length-misuse.maxcover.v5	27	E	0	0	0	0	0
340_xpath.c_5244_local.oob.memfunc.length-misuse.maxcover.v5	21	E	0	0	0	0	0
341_xpath.c_5218_local.oob.memfunc.length-misuse.maxcover.v5	19	E	0	0	0	0	0
342_parser.c_2998_local.oob.memfunc.length-misuse.maxcover.v5	18	E	0	0	0	0	0
343_parser.c_3076_local.oob.memfunc.length-misuse.maxcover.v5	20	E	0	0	0	0	0
344_xpath.c_4409_local.oob.memfunc.length-misuse.maxcover.v5	21	E	0	0	0	0	0
345_xpath.c_4348_local.oob.memfunc.length-misuse.maxcover.v5	30	E	0	0	0	0	0
346_xpath.c_4318_local.oob.memfunc.length-misuse.maxcover.v5	21	E	0	0	0	0	0
347_xpath.c_4058_local.oob.memfunc.length-misuse.maxcover.v5	35	E	0	0	0	0	0
348_xpath.c_4004_local.oob.memfunc.length-misuse.maxcover.v5	27	H2	1	1	0
0	1	0
349_xpath.c_3918_local.oob.memfunc.length-misuse.maxcover.v5	25	H0	1	1	0
0	0
0	0
350_xpath.c_3801_local.oob.memfunc.length-misuse.maxcover.v5	20	E	0	0	0	0	0
351_xpath.c_3746_local.oob.memfunc.length-misuse.maxcover.v5	22	H2	1	1	0
0	1	0
352_xpath.c_3690_local.oob.memfunc.length-misuse.maxcover.v5	23	H2	1	1	0
0	1	0
353_xpath.c_3587_local.oob.memfunc.length-misuse.maxcover.v5	18	H2	1	1	0
0	1	0
354_xpath.c_3596_local.oob.memfunc.length-misuse.maxcover.v5	30	E	0	0	0	0	0
355_xpath.c_3538_local.oob.memfunc.length-misuse.maxcover.v5	28	E	0	0	0	0	0
356_xpath.c_3251_local.oob.memfunc.length-misuse.maxcover.v5	246	H2	1	4	0
0	2	0
357_xpath.c_2211_local.oob.memfunc.length-misuse.maxcover.v5	53	H0	1	3	0
0	0
0	0
358_parser.c_1232_local.oob.memfunc.length-misuse.maxcover.v5	28	H2	1	2	1	0
0	0
359_xpath.c_1023_local.oob.memfunc.length-misuse.maxcover.v5	21	E	0	0	0	0	0
360_xpath.c_1033_local.oob.memfunc.length-misuse.maxcover.v5	32	E	0	0	0	0	0
361_xpath.c_861_local.oob.memfunc.length-misuse.maxcover.v5	19	H2	1	2	0
0	1	0
362_xmlschemas.c_10045_local.oob.memfunc.length-misuse.maxcover.v5	22	H2	1	1	0
0	1	0
363_xmlschemas.c_10013_local.oob.memfunc.length-misuse.maxcover.v5	24	E	0	0	0	0	0
364_xmlschemas.c_9955_local.oob.memfunc.length-misuse.maxcover.v5	25	E	0	0	0	0	0
365_xmlschemas.c_8339_local.oob.memfunc.length-misuse.maxcover.v5	25	E	0	0	0	0	0
366_xmlschemas.c_5794_local.oob.memfunc.length-misuse.maxcover.v5	20	E	0	0	0	0	0
367_xmlschemas.c_5752_local.oob.memfunc.length-misuse.maxcover.v5	23	E	0	0	0	0	0
368_xmlschemas.c_5712_local.oob.memfunc.length-misuse.maxcover.v5	29	E	0	0	0	0	0
369_xmlschemas.c_5652_local.oob.memfunc.length-misuse.maxcover.v5	27	E	0	0	0	0	0
370_xmlschemas.c_5564_local.oob.memfunc.length-misuse.maxcover.v5	22	E	0	0	0	0	0
371_xmlschemas.c_5527_local.oob.memfunc.length-misuse.maxcover.v5	25	E	0	0	0	0	0
372_xmlschemas.c_5465_local.oob.memfunc.length-misuse.maxcover.v5	28	E	0	0	0	0	0
373_xmlschemas.c_5423_local.oob.memfunc.length-misuse.maxcover.v5	23	E	0	0	0	0	0
374_xmlschemas.c_5374_local.oob.memfunc.length-misuse.maxcover.v5	26	E	0	0	0	0	0
375_xmlschemas.c_5330_local.oob.memfunc.length-misuse.maxcover.v5	40	E	0	0	0	0	0
376_xmlschemas.c_5300_local.oob.memfunc.length-misuse.maxcover.v5	21	H2	1	1	0
0	1	0
377_xmlschemas.c_5260_local.oob.memfunc.length-misuse.maxcover.v5	25	E	0	0	0	0	0
378_xmlschemas.c_5223_local.oob.memfunc.length-misuse.maxcover.v5	23	E	0	0	0	0	0
379_xmlschemas.c_3646_local.oob.memfunc.length-misuse.maxcover.v5	29	H2	1	1	0
0	1	0
380_xmlschemas.c_3395_local.oob.memfunc.length-misuse.maxcover.v5	18	H2	1	1	0
0	1	0
381_xmlschemas.c_3379_local.oob.memfunc.length-misuse.maxcover.v5	22	E	0	0	0	0	0
382_xmlschemas.c_3355_local.oob.memfunc.length-misuse.maxcover.v5	18	E	0	0	0	0	0
383_xmlschemas.c_3332_local.oob.memfunc.length-misuse.maxcover.v5	17	E	0	0	0	0	0
384_testapi.c_140_local.oob.memfunc.length-misuse.maxcover.v5	19	H2	1	2	1	1	0
385_testapi.c_141_local.oob.memfunc.length-misuse.maxcover.v5	20	H2	1	1	0
0	1	0
386_testapi.c_142_local.oob.memfunc.length-misuse.maxcover.v5	16	H2	1	1	0
0	1	0
387_testapi.c_143_local.oob.memfunc.length-misuse.maxcover.v5	18	H0	1	0	0	0	0
