ruleId,ruleName,severity,precision,cwe,file,startLine,startColumn,endLine,endColumn,message,helpUri,contextStart,contextEnd,snippet
local/cpp/length-misuse,local/cpp/length-misuse,warning,low,"CWE-120,CWE-125,CWE-787",/media/shafi/Research/STAILOR/dataset/62911/libxml2_62911_vul/hash.c,1134,9,1134,16,Potential OOB Risk: The length argument for memmove() is not trivially bounded.,,1129,1139,"    next = entry + 1;

    if (cur < entry) {
        xmlHashEntry *end = &hash->table[hash->size];

        memmove(entry, next, (char *) end - (char *) next);
        entry = hash->table;
        end[-1] = *entry;
        next = entry + 1;
    }
"
local/cpp/length-misuse,local/cpp/length-misuse,warning,low,"CWE-120,CWE-125,CWE-787",/media/shafi/Research/STAILOR/dataset/62911/libxml2_62911_vul/hash.c,1140,5,1140,12,Potential OOB Risk: The length argument for memmove() is not trivially bounded.,,1135,1145,"        entry = hash->table;
        end[-1] = *entry;
        next = entry + 1;
    }

    memmove(entry, next, (char *) cur - (char *) entry);

    /*
     * Update entry
     */
    cur->hashValue = 0;"
local/cpp/length-misuse,local/cpp/length-misuse,warning,low,"CWE-120,CWE-125,CWE-787",/media/shafi/Research/STAILOR/dataset/62911/libxml2_62911_vul/SAX2.c,2479,6,2479,12,Potential OOB Risk: The length argument for memcpy() is not trivially bounded.,,2474,2484,"		    return;
		}
		ctxt->nodemem = size;
		lastChild->content = newbuf;
	    }
	    memcpy(&lastChild->content[ctxt->nodelen], ch, len);
	    ctxt->nodelen += len;
	    lastChild->content[ctxt->nodelen] = 0;
	} else if (coalesceText) {
	    if (xmlTextConcat(lastChild, ch, len)) {
		xmlSAX2ErrMemory(ctxt, ""xmlSAX2Characters"");"
local/cpp/length-misuse,local/cpp/length-misuse,warning,low,"CWE-120,CWE-125,CWE-787",/media/shafi/Research/STAILOR/dataset/62911/libxml2_62911_vul/buf.c,798,5,798,12,Potential OOB Risk: The length argument for memmove() is not trivially bounded.,,793,803,"	    xmlBufMemoryError(buf, ""growing buffer"");
            return XML_ERR_NO_MEMORY;
        }
    }

    memmove(&buf->content[buf->use], str, len);
    buf->use += len;
    buf->content[buf->use] = 0;
    UPDATE_COMPAT(buf)
    return 0;
}"
local/cpp/length-misuse,local/cpp/length-misuse,warning,low,"CWE-120,CWE-125,CWE-787",/media/shafi/Research/STAILOR/dataset/62911/libxml2_62911_vul/buf.c,699,6,699,13,Potential OOB Risk: The length argument for memmove() is not trivially bounded.,,694,704,"    if ((buf->alloc == XML_BUFFER_ALLOC_IO) && (buf->contentIO != NULL)) {
        start_buf = buf->content - buf->contentIO;

        if (start_buf > newSize) {
	    /* move data back to start */
	    memmove(buf->contentIO, buf->content, buf->use);
	    buf->content = buf->contentIO;
	    buf->content[buf->use] = 0;
	    buf->size += start_buf;
	} else {
	    rebuf = (xmlChar *) xmlRealloc(buf->contentIO, start_buf + newSize);"
local/cpp/length-misuse,local/cpp/length-misuse,warning,low,"CWE-120,CWE-125,CWE-787",/media/shafi/Research/STAILOR/dataset/62911/libxml2_62911_vul/buf.c,728,3,728,9,Potential OOB Risk: The length argument for memcpy() is not trivially bounded.,,723,733,"	     * better to make a new allocation and copy only the used range
	     * and free the old one.
	     */
	    rebuf = (xmlChar *) xmlMallocAtomic(newSize);
	    if (rebuf != NULL) {
		memcpy(rebuf, buf->content, buf->use);
		xmlFree(buf->content);
		rebuf[buf->use] = 0;
	    }
	}
	if (rebuf == NULL) {"
local/cpp/length-misuse,local/cpp/length-misuse,warning,low,"CWE-120,CWE-125,CWE-787",/media/shafi/Research/STAILOR/dataset/62911/libxml2_62911_vul/hash.c,490,9,490,15,Potential OOB Risk: The length argument for memcpy() is not trivially bounded.,,485,495,"        }
    } else {
        copy = xmlMalloc(lengths[0] + 1);
        if (copy == NULL)
            return(-1);
        memcpy(copy, key, lengths[0] + 1);

        if (key2 != NULL) {
            copy2 = xmlMalloc(lengths[1] + 1);
            if (copy2 == NULL) {
                xmlFree(copy);"
local/cpp/length-misuse,local/cpp/length-misuse,warning,low,"CWE-120,CWE-125,CWE-787",/media/shafi/Research/STAILOR/dataset/62911/libxml2_62911_vul/hash.c,498,13,498,19,Potential OOB Risk: The length argument for memcpy() is not trivially bounded.,,493,503,"            copy2 = xmlMalloc(lengths[1] + 1);
            if (copy2 == NULL) {
                xmlFree(copy);
                return(-1);
            }
            memcpy(copy2, key2, lengths[1] + 1);
        } else {
            copy2 = NULL;
        }

        if (key3 != NULL) {"
local/cpp/length-misuse,local/cpp/length-misuse,warning,low,"CWE-120,CWE-125,CWE-787",/media/shafi/Research/STAILOR/dataset/62911/libxml2_62911_vul/hash.c,510,13,510,19,Potential OOB Risk: The length argument for memcpy() is not trivially bounded.,,505,515,"            if (copy3 == NULL) {
                xmlFree(copy);
                xmlFree(copy2);
                return(-1);
            }
            memcpy(copy3, key3, lengths[2] + 1);
        } else {
            copy3 = NULL;
        }
    }
"
local/cpp/length-misuse,local/cpp/length-misuse,warning,low,"CWE-120,CWE-125,CWE-787",/media/shafi/Research/STAILOR/dataset/62911/libxml2_62911_vul/hash.c,571,13,571,20,Potential OOB Risk: The length argument for memmove() is not trivially bounded.,,566,576,"        if (cur < entry) {
            /*
             * If we traversed the end of the buffer, handle the part
             * at the start of the buffer.
             */
            memmove(&hash->table[1], hash->table,
                    (char *) cur - (char *) hash->table);
            cur = end - 1;
            hash->table[0] = *cur;
        }
"
local/cpp/length-misuse,local/cpp/length-misuse,warning,low,"CWE-120,CWE-125,CWE-787",/media/shafi/Research/STAILOR/dataset/62911/libxml2_62911_vul/hash.c,577,9,577,16,Potential OOB Risk: The length argument for memmove() is not trivially bounded.,,572,582,"                    (char *) cur - (char *) hash->table);
            cur = end - 1;
            hash->table[0] = *cur;
        }

        memmove(&entry[1], entry, (char *) cur - (char *) entry);
    }

    /*
     * Populate entry
     */"
local/cpp/length-misuse,local/cpp/length-misuse,warning,low,"CWE-120,CWE-125,CWE-787",/media/shafi/Research/STAILOR/dataset/62911/libxml2_62911_vul/hash.c,365,5,365,11,Potential OOB Risk: The length argument for memset() is not trivially bounded.,,360,370,"    if ((size_t) size + 0 > SIZE_MAX / sizeof(table[0]))
        return(-1);
    table = xmlMalloc(size * sizeof(table[0]));
    if (table == NULL)
        return(-1);
    memset(table, 0, size * sizeof(table[0]));

    oldsize = hash->size;
    if (oldsize == 0)
        goto done;
"
local/cpp/length-misuse,local/cpp/length-misuse,warning,low,"CWE-120,CWE-125,CWE-787",/media/shafi/Research/STAILOR/dataset/62911/libxml2_62911_vul/buf.c,350,3,350,10,Potential OOB Risk: The length argument for memmove() is not trivially bounded.,,345,355,"	 * on IO buffers
	 */
	if ((buf->alloc == XML_BUFFER_ALLOC_IO) && (buf->contentIO != NULL)) {
	    size_t start_buf = buf->content - buf->contentIO;
	    if (start_buf >= buf->size) {
		memmove(buf->contentIO, &buf->content[0], buf->use);
		buf->content = buf->contentIO;
		buf->content[buf->use] = 0;
		buf->size += start_buf;
	    }
	}"
local/cpp/length-misuse,local/cpp/length-misuse,warning,low,"CWE-120,CWE-125,CWE-787",/media/shafi/Research/STAILOR/dataset/62911/libxml2_62911_vul/buf.c,357,2,357,9,Potential OOB Risk: The length argument for memmove() is not trivially bounded.,,352,362,"		buf->content[buf->use] = 0;
		buf->size += start_buf;
	    }
	}
    } else {
	memmove(buf->content, &buf->content[len], buf->use);
	buf->content[buf->use] = 0;
    }
    UPDATE_COMPAT(buf)
    return(len);
}"
local/cpp/length-misuse,local/cpp/length-misuse,warning,low,"CWE-120,CWE-125,CWE-787",/media/shafi/Research/STAILOR/dataset/62911/libxml2_62911_vul/c14n.c,327,2,327,8,Potential OOB Risk: The length argument for memset() is not trivially bounded.,,322,332,"        cur->nodeTab = (xmlNodePtr*) xmlMalloc(XML_NAMESPACES_DEFAULT * sizeof(xmlNodePtr));
	if ((cur->nsTab == NULL) || (cur->nodeTab == NULL)) {
	    xmlC14NErrMemory(""adding node to stack"");
	    return;
	}
	memset(cur->nsTab, 0 , XML_NAMESPACES_DEFAULT * sizeof(xmlNsPtr));
	memset(cur->nodeTab, 0 , XML_NAMESPACES_DEFAULT * sizeof(xmlNodePtr));
        cur->nsMax = XML_NAMESPACES_DEFAULT;
    } else if(cur->nsMax == cur->nsCurEnd) {
	void *tmp;
	int tmpSize;"
local/cpp/length-misuse,local/cpp/length-misuse,warning,low,"CWE-120,CWE-125,CWE-787",/media/shafi/Research/STAILOR/dataset/62911/libxml2_62911_vul/c14n.c,328,2,328,8,Potential OOB Risk: The length argument for memset() is not trivially bounded.,,323,333,"	if ((cur->nsTab == NULL) || (cur->nodeTab == NULL)) {
	    xmlC14NErrMemory(""adding node to stack"");
	    return;
	}
	memset(cur->nsTab, 0 , XML_NAMESPACES_DEFAULT * sizeof(xmlNsPtr));
	memset(cur->nodeTab, 0 , XML_NAMESPACES_DEFAULT * sizeof(xmlNodePtr));
        cur->nsMax = XML_NAMESPACES_DEFAULT;
    } else if(cur->nsMax == cur->nsCurEnd) {
	void *tmp;
	int tmpSize;
"
local/cpp/length-misuse,local/cpp/length-misuse,warning,low,"CWE-120,CWE-125,CWE-787",/media/shafi/Research/STAILOR/dataset/62911/libxml2_62911_vul/c14n.c,299,2,299,8,Potential OOB Risk: The length argument for memset() is not trivially bounded.,,294,304,"    if(cur == NULL) {
        xmlC14NErrParam(""destroying namespaces stack"");
        return;
    }
    if(cur->nsTab != NULL) {
	memset(cur->nsTab, 0, cur->nsMax * sizeof(xmlNsPtr));
	xmlFree(cur->nsTab);
    }
    if(cur->nodeTab != NULL) {
	memset(cur->nodeTab, 0, cur->nsMax * sizeof(xmlNodePtr));
	xmlFree(cur->nodeTab);"
local/cpp/length-misuse,local/cpp/length-misuse,warning,low,"CWE-120,CWE-125,CWE-787",/media/shafi/Research/STAILOR/dataset/62911/libxml2_62911_vul/c14n.c,303,2,303,8,Potential OOB Risk: The length argument for memset() is not trivially bounded.,,298,308,"    if(cur->nsTab != NULL) {
	memset(cur->nsTab, 0, cur->nsMax * sizeof(xmlNsPtr));
	xmlFree(cur->nsTab);
    }
    if(cur->nodeTab != NULL) {
	memset(cur->nodeTab, 0, cur->nsMax * sizeof(xmlNodePtr));
	xmlFree(cur->nodeTab);
    }
    memset(cur, 0, sizeof(xmlC14NVisibleNsStack));
    xmlFree(cur);
"
local/cpp/length-misuse,local/cpp/length-misuse,warning,low,"CWE-120,CWE-125,CWE-787",/media/shafi/Research/STAILOR/dataset/62911/libxml2_62911_vul/SAX2.c,1779,6,1779,12,Potential OOB Risk: The length argument for memcpy() is not trivially bounded.,,1774,1784,"
	if ((len < (int) (2 * sizeof(void *))) &&
	    (ctxt->options & XML_PARSE_COMPACT)) {
	    /* store the string in the node overriding properties and nsDef */
	    xmlChar *tmp = (xmlChar *) &(ret->properties);
	    memcpy(tmp, str, len);
	    tmp[len] = 0;
	    intern = tmp;
	} else if ((len <= 3) && ((cur == '""') || (cur == '\'') ||
	    ((cur == '<') && (str[len + 1] != '!')))) {
	    intern = xmlDictLookup(ctxt->dict, str, len);"
local/cpp/length-misuse,local/cpp/length-misuse,warning,low,"CWE-120,CWE-125,CWE-787",/media/shafi/Research/STAILOR/dataset/62911/libxml2_62911_vul/encoding.c,1128,6,1128,13,Potential OOB Risk: The length argument for memmove() is not trivially bounded.,,1123,1133,"    for (i = 0;i < xmlCharEncodingAliasesNb;i++) {
	if (!strcmp(xmlCharEncodingAliases[i].alias, alias)) {
	    xmlFree((char *) xmlCharEncodingAliases[i].name);
	    xmlFree((char *) xmlCharEncodingAliases[i].alias);
	    xmlCharEncodingAliasesNb--;
	    memmove(&xmlCharEncodingAliases[i], &xmlCharEncodingAliases[i + 1],
		    sizeof(xmlCharEncodingAlias) * (xmlCharEncodingAliasesNb - i));
	    return(0);
	}
    }
    return(-1);"
local/cpp/length-misuse,local/cpp/length-misuse,warning,low,"CWE-120,CWE-125,CWE-787",/media/shafi/Research/STAILOR/dataset/62911/libxml2_62911_vul/catalog.c,998,11,998,15,Potential OOB Risk: The length argument for read() is not trivially bounded.,,993,1003,"	fclose(fd);
#endif
        return (NULL);
    }
#ifdef HAVE_STAT
    len = read(fd, content, size);
    close(fd);
#else
    len = fread(content, 1, size, fd);
    fclose(fd);
#endif"
local/cpp/length-misuse,local/cpp/length-misuse,warning,low,"CWE-120,CWE-125,CWE-787",/media/shafi/Research/STAILOR/dataset/62911/libxml2_62911_vul/encoding.c,358,5,358,11,Potential OOB Risk: The length argument for memcpy() is not trivially bounded.,,353,363,"    /*
     * FIXME: Conversion functions must assure valid UTF-8, so we have
     * to check for UTF-8 validity. Preferably, this converter shouldn't
     * be used at all.
     */
    memcpy(out, inb, len);

    *outlen = len;
    *inlenb = len;
    return(*outlen);
}"
local/cpp/length-misuse,local/cpp/length-misuse,warning,low,"CWE-120,CWE-125,CWE-787",/media/shafi/Research/STAILOR/dataset/62911/libxml2_62911_vul/dict.c,760,13,760,20,Potential OOB Risk: The length argument for memmove() is not trivially bounded.,,755,765,"        if (cur < entry) {
            /*
             * If we traversed the end of the buffer, handle the part
             * at the start of the buffer.
             */
            memmove(&dict->table[1], dict->table,
                    (char *) cur - (char *) dict->table);
            cur = end - 1;
            dict->table[0] = *cur;
        }
"
local/cpp/length-misuse,local/cpp/length-misuse,warning,low,"CWE-120,CWE-125,CWE-787",/media/shafi/Research/STAILOR/dataset/62911/libxml2_62911_vul/dict.c,766,9,766,16,Potential OOB Risk: The length argument for memmove() is not trivially bounded.,,761,771,"                    (char *) cur - (char *) dict->table);
            cur = end - 1;
            dict->table[0] = *cur;
        }

        memmove(&entry[1], entry, (char *) cur - (char *) entry);
    }

    /*
     * Populate entry
     */"
local/cpp/length-misuse,local/cpp/length-misuse,warning,low,"CWE-120,CWE-125,CWE-787",/media/shafi/Research/STAILOR/dataset/62911/libxml2_62911_vul/dict.c,588,5,588,11,Potential OOB Risk: The length argument for memset() is not trivially bounded.,,583,593,"    if ((size_t) size + 0 > SIZE_MAX / sizeof(table[0]))
        return(-1);
    table = xmlMalloc(size * sizeof(table[0]));
    if (table == NULL)
        return(-1);
    memset(table, 0, size * sizeof(table[0]));

    oldsize = dict->size;
    if (oldsize == 0)
        goto done;
"
local/cpp/length-misuse,local/cpp/length-misuse,warning,low,"CWE-120,CWE-125,CWE-787",/media/shafi/Research/STAILOR/dataset/62911/libxml2_62911_vul/dict.c,541,26,541,32,Potential OOB Risk: The length argument for memcmp() is not trivially bounded.,,536,546,"            if (entry->hashValue == hashValue) {
                if (prefix == NULL) {
                    /*
                     * name is not necessarily null-terminated.
                     */
                    if ((memcmp(entry->name, name, len) == 0) &&
                        (entry->name[len] == 0)) {
                        found = 1;
                        break;
                    }
                } else {"
local/cpp/length-misuse,local/cpp/length-misuse,warning,low,"CWE-120,CWE-125,CWE-787",/media/shafi/Research/STAILOR/dataset/62911/libxml2_62911_vul/nanohttp.c,1305,5,1305,11,Potential OOB Risk: The length argument for memcpy() is not trivially bounded.,,1300,1310,"	return 0;

    /* (Avoid strdup because it's not portable.) */
    envlen = strlen(env) + 1;
    cpy = xmlMalloc(envlen);
    memcpy(cpy, env, envlen);
    env = cpy;

    /* The remainder of the function is basically a tokenizing: */
    while (isspace(*env))
    	++env;"
local/cpp/length-misuse,local/cpp/length-misuse,warning,low,"CWE-120,CWE-125,CWE-787",/media/shafi/Research/STAILOR/dataset/62911/libxml2_62911_vul/nanohttp.c,1222,5,1222,11,Potential OOB Risk: The length argument for memcpy() is not trivially bounded.,,1217,1227,"    while (ctxt->inptr - ctxt->inrptr < len) {
        if (xmlNanoHTTPRecv(ctxt) <= 0) break;
    }
    if (ctxt->inptr - ctxt->inrptr < len)
        len = ctxt->inptr - ctxt->inrptr;
    memcpy(dest, ctxt->inrptr, len);
    ctxt->inrptr += len;
    return(len);
}

/**"
local/cpp/length-misuse,local/cpp/length-misuse,warning,low,"CWE-120,CWE-125,CWE-787",/media/shafi/Research/STAILOR/dataset/62911/libxml2_62911_vul/dict.c,232,5,232,11,Potential OOB Risk: The length argument for memcpy() is not trivially bounded.,,227,237,"	pool->next = dict->strings;
	dict->strings = pool;
    }
found_pool:
    ret = pool->free;
    memcpy(pool->free, prefix, plen);
    pool->free += plen;
    *(pool->free++) = ':';
    memcpy(pool->free, name, namelen);
    pool->free += namelen;
    *(pool->free++) = 0;"
local/cpp/length-misuse,local/cpp/length-misuse,warning,low,"CWE-120,CWE-125,CWE-787",/media/shafi/Research/STAILOR/dataset/62911/libxml2_62911_vul/dict.c,235,5,235,11,Potential OOB Risk: The length argument for memcpy() is not trivially bounded.,,230,240,"found_pool:
    ret = pool->free;
    memcpy(pool->free, prefix, plen);
    pool->free += plen;
    *(pool->free++) = ':';
    memcpy(pool->free, name, namelen);
    pool->free += namelen;
    *(pool->free++) = 0;
    pool->nbStrings++;
    return(ret);
}"
local/cpp/length-misuse,local/cpp/length-misuse,warning,low,"CWE-120,CWE-125,CWE-787",/media/shafi/Research/STAILOR/dataset/62911/libxml2_62911_vul/dict.c,172,5,172,11,Potential OOB Risk: The length argument for memcpy() is not trivially bounded.,,167,177,"	pool->next = dict->strings;
	dict->strings = pool;
    }
found_pool:
    ret = pool->free;
    memcpy(pool->free, name, namelen);
    pool->free += namelen;
    *(pool->free++) = 0;
    pool->nbStrings++;
    return(ret);
}"
local/cpp/length-misuse,local/cpp/length-misuse,warning,low,"CWE-120,CWE-125,CWE-787",/media/shafi/Research/STAILOR/dataset/62911/libxml2_62911_vul/nanohttp.c,1026,3,1026,9,Potential OOB Risk: The length argument for memcpy() is not trivially bounded.,,1021,1031,"		if ((size_t)res->ai_addrlen > sizeof(sockin)) {
		    __xmlIOErr(XML_FROM_HTTP, 0, ""address size mismatch\n"");
		    freeaddrinfo (result);
		    return INVALID_SOCKET;
		}
		memcpy (&sockin, res->ai_addr, res->ai_addrlen);
		sockin.sin_port = htons (port);
		addr = (struct sockaddr *)&sockin;
	    } else if (res->ai_family == AF_INET6) {
		if ((size_t)res->ai_addrlen > sizeof(sockin6)) {
		    __xmlIOErr(XML_FROM_HTTP, 0, ""address size mismatch\n"");"
local/cpp/length-misuse,local/cpp/length-misuse,warning,low,"CWE-120,CWE-125,CWE-787",/media/shafi/Research/STAILOR/dataset/62911/libxml2_62911_vul/nanohttp.c,1035,3,1035,9,Potential OOB Risk: The length argument for memcpy() is not trivially bounded.,,1030,1040,"		if ((size_t)res->ai_addrlen > sizeof(sockin6)) {
		    __xmlIOErr(XML_FROM_HTTP, 0, ""address size mismatch\n"");
		    freeaddrinfo (result);
		    return INVALID_SOCKET;
		}
		memcpy (&sockin6, res->ai_addr, res->ai_addrlen);
		sockin6.sin6_port = htons (port);
		addr = (struct sockaddr *)&sockin6;
	    } else
		continue;              /* for */
"
local/cpp/length-misuse,local/cpp/length-misuse,warning,low,"CWE-120,CWE-125,CWE-787",/media/shafi/Research/STAILOR/dataset/62911/libxml2_62911_vul/nanohttp.c,671,10,671,17,Potential OOB Risk: The length argument for strncmp() is not trivially bounded.,,666,676,"xmlNanoHTTPScanAnswer(xmlNanoHTTPCtxtPtr ctxt, const char *line) {
    const char *cur = line;

    if (line == NULL) return;

    if (!strncmp(line, ""HTTP/"", 5)) {
        int version = 0;
	int ret = 0;

	cur += 5;
	while ((*cur >= '0') && (*cur <= '9')) {"
local/cpp/length-misuse,local/cpp/length-misuse,warning,low,"CWE-120,CWE-125,CWE-787",/media/shafi/Research/STAILOR/dataset/62911/libxml2_62911_vul/uri.c,2347,6,2347,12,Potential OOB Risk: The length argument for memcpy() is not trivially bounded.,,2342,2352,"     * Finish up with the end of the URI
     */
    if (uptr != NULL) {
        if ((vptr > val) && (len > 0) &&
	    (uptr[0] == '/') && (vptr[-1] == '/')) {
	    memcpy (vptr, uptr + 1, len - 1);
	    vptr[len - 2] = 0;
	} else {
	    memcpy (vptr, uptr, len);
	    vptr[len - 1] = 0;
	}"
local/cpp/length-misuse,local/cpp/length-misuse,warning,low,"CWE-120,CWE-125,CWE-787",/media/shafi/Research/STAILOR/dataset/62911/libxml2_62911_vul/uri.c,2350,6,2350,12,Potential OOB Risk: The length argument for memcpy() is not trivially bounded.,,2345,2355,"        if ((vptr > val) && (len > 0) &&
	    (uptr[0] == '/') && (vptr[-1] == '/')) {
	    memcpy (vptr, uptr + 1, len - 1);
	    vptr[len - 2] = 0;
	} else {
	    memcpy (vptr, uptr, len);
	    vptr[len - 1] = 0;
	}
    } else {
	vptr[len - 1] = 0;
    }"
local/cpp/length-misuse,local/cpp/length-misuse,warning,low,"CWE-120,CWE-125,CWE-787",/media/shafi/Research/STAILOR/dataset/62911/libxml2_62911_vul/relaxng.c,9139,5,9139,11,Potential OOB Risk: The length argument for memset() is not trivially bounded.,,9134,9144,"    list = (xmlNodePtr *) xmlMalloc(nbgroups * sizeof(xmlNodePtr));
    if (list == NULL) {
        xmlRngVErrMemory(ctxt, ""validating\n"");
        return (-1);
    }
    memset(list, 0, nbgroups * sizeof(xmlNodePtr));
    lasts = (xmlNodePtr *) xmlMalloc(nbgroups * sizeof(xmlNodePtr));
    if (lasts == NULL) {
        xmlRngVErrMemory(ctxt, ""validating\n"");
        return (-1);
    }"
local/cpp/length-misuse,local/cpp/length-misuse,warning,low,"CWE-120,CWE-125,CWE-787",/media/shafi/Research/STAILOR/dataset/62911/libxml2_62911_vul/relaxng.c,9145,5,9145,11,Potential OOB Risk: The length argument for memset() is not trivially bounded.,,9140,9150,"    lasts = (xmlNodePtr *) xmlMalloc(nbgroups * sizeof(xmlNodePtr));
    if (lasts == NULL) {
        xmlRngVErrMemory(ctxt, ""validating\n"");
        return (-1);
    }
    memset(lasts, 0, nbgroups * sizeof(xmlNodePtr));

    /*
     * Walk the sequence of children finding the right group and
     * sorting them in sequences.
     */"
local/cpp/length-misuse,local/cpp/length-misuse,warning,low,"CWE-120,CWE-125,CWE-787",/media/shafi/Research/STAILOR/dataset/62911/libxml2_62911_vul/nanohttp.c,518,13,518,20,Potential OOB Risk: The length argument for memmove() is not trivially bounded.,,513,523,"        }
        if (ctxt->inrptr > ctxt->in + XML_NANO_HTTP_CHUNK) {
            int delta = ctxt->inrptr - ctxt->in;
            int len = ctxt->inptr - ctxt->inrptr;

            memmove(ctxt->in, ctxt->inrptr, len);
            ctxt->inrptr -= delta;
            ctxt->content -= delta;
            ctxt->inptr -= delta;
        }
        if ((ctxt->in + ctxt->inlen) < (ctxt->inptr + XML_NANO_HTTP_CHUNK)) {"
local/cpp/length-misuse,local/cpp/length-misuse,warning,low,"CWE-120,CWE-125,CWE-787",/media/shafi/Research/STAILOR/dataset/62911/libxml2_62911_vul/nanohttp.c,541,22,541,26,Potential OOB Risk: The length argument for recv() is not trivially bounded.,,536,546,"            }
            ctxt->inptr = ctxt->in + d_inptr;
            ctxt->content = ctxt->in + d_content;
            ctxt->inrptr = ctxt->in + d_inrptr;
        }
        ctxt->last = recv(ctxt->fd, ctxt->inptr, XML_NANO_HTTP_CHUNK, 0);
        if (ctxt->last > 0) {
            ctxt->inptr += ctxt->last;
            return (ctxt->last);
        }
        if (ctxt->last == 0) {"
local/cpp/length-misuse,local/cpp/length-misuse,warning,low,"CWE-120,CWE-125,CWE-787",/media/shafi/Research/STAILOR/dataset/62911/libxml2_62911_vul/xmlcatalog.c,80,10,80,15,Potential OOB Risk: The length argument for fgets() is not trivially bounded.,,75,85,"    int len;

    if (prompt != NULL)
	fprintf(stdout, ""%s"", prompt);
    fflush(stdout);
    if (!fgets(line_read, 500, stdin))
        return(NULL);
    line_read[500] = 0;
    len = strlen(line_read);
    ret = (char *) malloc(len + 1);
    if (ret != NULL) {"
local/cpp/length-misuse,local/cpp/length-misuse,warning,low,"CWE-120,CWE-125,CWE-787",/media/shafi/Research/STAILOR/dataset/62911/libxml2_62911_vul/xmlcatalog.c,86,2,86,8,Potential OOB Risk: The length argument for memcpy() is not trivially bounded.,,81,91,"        return(NULL);
    line_read[500] = 0;
    len = strlen(line_read);
    ret = (char *) malloc(len + 1);
    if (ret != NULL) {
	memcpy (ret, line_read, len + 1);
    }
    return(ret);
#endif
}
"
local/cpp/length-misuse,local/cpp/length-misuse,warning,low,"CWE-120,CWE-125,CWE-787",/media/shafi/Research/STAILOR/dataset/62911/libxml2_62911_vul/xmlIO.c,3679,5,3679,12,Potential OOB Risk: The length argument for strncpy() is not trivially bounded.,,3674,3684,"#   define IS_XMLPGD_SEP(ch) ((ch=='/')||(ch=='\\'))
#else
#   define IS_XMLPGD_SEP(ch) (ch=='/')
#endif

    strncpy(dir, filename, 1023);
    dir[1023] = 0;
    cur = &dir[strlen(dir)];
    while (cur > dir) {
         if (IS_XMLPGD_SEP(*cur)) break;
	 cur --;"
local/cpp/length-misuse,local/cpp/length-misuse,warning,low,"CWE-120,CWE-125,CWE-787",/media/shafi/Research/STAILOR/dataset/62911/libxml2_62911_vul/parser.c,11894,11,11894,18,Potential OOB Risk: The length argument for strncmp() is not trivially bounded.,,11889,11899,"			 * Special case to provide identical behaviour
			 * between pull and push parsers on enpty CDATA
			 * sections
			 */
			 if ((ctxt->input->cur - ctxt->input->base >= 9) &&
			     (!strncmp((const char *)&ctxt->input->cur[-9],
			               ""<![CDATA["", 9)))
			     ctxt->sax->cdataBlock(ctxt->userData,
			                           BAD_CAST """", 0);
		    } else if ((ctxt->sax != NULL) && (base > 0) &&
			(!ctxt->disableSAX)) {"
local/cpp/length-misuse,local/cpp/length-misuse,warning,low,"CWE-120,CWE-125,CWE-787",/media/shafi/Research/STAILOR/dataset/62911/libxml2_62911_vul/HTMLparser.c,2284,6,2284,12,Potential OOB Risk: The length argument for memcpy() is not trivially bounded.,,2279,2289,"		cp = ent->name;
	    len = strlen(cp);
	    if (outend - out < len + 2)
		break;
	    *out++ = '&';
	    memcpy(out, cp, len);
	    out += len;
	    *out++ = ';';
	}
	processed = in;
    }"
local/cpp/length-misuse,local/cpp/length-misuse,warning,low,"CWE-120,CWE-125,CWE-787",/media/shafi/Research/STAILOR/dataset/62911/libxml2_62911_vul/HTMLparser.c,2185,6,2185,12,Potential OOB Risk: The length argument for memcpy() is not trivially bounded.,,2180,2190,"	      cp = ent->name;
	    len = strlen(cp);
	    if (out + 2 + len >= outend)
		break;
	    *out++ = '&';
	    memcpy(out, cp, len);
	    out += len;
	    *out++ = ';';
	}
	processed = in;
    }"
local/cpp/length-misuse,local/cpp/length-misuse,warning,low,"CWE-120,CWE-125,CWE-787",/media/shafi/Research/STAILOR/dataset/62911/libxml2_62911_vul/xmlIO.c,2922,12,2922,18,Potential OOB Risk: The length argument for memchr() is not trivially bounded.,,2917,2927,"xmlStringRead(void *vctxt, char *buf, int size) {
    xmlStringIOCtxt *ctxt = vctxt;
    const xmlChar *zero;
    size_t len;

    zero = memchr(ctxt->str, 0, size);
    len = zero ? zero - ctxt->str : size;

    memcpy(buf, ctxt->str, len);
    ctxt->str += len;
"
local/cpp/length-misuse,local/cpp/length-misuse,warning,low,"CWE-120,CWE-125,CWE-787",/media/shafi/Research/STAILOR/dataset/62911/libxml2_62911_vul/xmlIO.c,2925,5,2925,11,Potential OOB Risk: The length argument for memcpy() is not trivially bounded.,,2920,2930,"    size_t len;

    zero = memchr(ctxt->str, 0, size);
    len = zero ? zero - ctxt->str : size;

    memcpy(buf, ctxt->str, len);
    ctxt->str += len;

    return(len);
}
"
local/cpp/length-misuse,local/cpp/length-misuse,warning,low,"CWE-120,CWE-125,CWE-787",/media/shafi/Research/STAILOR/dataset/62911/libxml2_62911_vul/parser.c,11212,9,11212,15,Potential OOB Risk: The length argument for memchr() is not trivially bounded.,,11207,11217,"        cur = ctxt->input->cur + 1;
    } else {
        cur = ctxt->input->cur + ctxt->checkIndex;
    }

    if (memchr(cur, c, ctxt->input->end - cur) == NULL) {
        size_t index = ctxt->input->end - ctxt->input->cur;

        if (index > LONG_MAX) {
            ctxt->checkIndex = 0;
            return(1);"
local/cpp/length-misuse,local/cpp/length-misuse,warning,low,"CWE-120,CWE-125,CWE-787",/media/shafi/Research/STAILOR/dataset/62911/libxml2_62911_vul/xmlregexp.c,6035,2,6035,8,Potential OOB Risk: The length argument for memcpy() is not trivially bounded.,,6030,6040,"	lenp = strlen((char *) token);

	str = (xmlChar *) xmlMallocAtomic(lenn + lenp + 2);
	if (str == NULL)
	    goto error;
	memcpy(&str[0], token, lenp);
	str[lenp] = '|';
	memcpy(&str[lenp + 1], token2, lenn);
	str[lenn + lenp + 1] = 0;

	atom->valuep = str;"
local/cpp/length-misuse,local/cpp/length-misuse,warning,low,"CWE-120,CWE-125,CWE-787",/media/shafi/Research/STAILOR/dataset/62911/libxml2_62911_vul/xmlregexp.c,6037,2,6037,8,Potential OOB Risk: The length argument for memcpy() is not trivially bounded.,,6032,6042,"	str = (xmlChar *) xmlMallocAtomic(lenn + lenp + 2);
	if (str == NULL)
	    goto error;
	memcpy(&str[0], token, lenp);
	str[lenp] = '|';
	memcpy(&str[lenp + 1], token2, lenn);
	str[lenn + lenp + 1] = 0;

	atom->valuep = str;
    }
    atom->data = data;"
local/cpp/length-misuse,local/cpp/length-misuse,warning,low,"CWE-120,CWE-125,CWE-787",/media/shafi/Research/STAILOR/dataset/62911/libxml2_62911_vul/xmlIO.c,2845,5,2845,11,Potential OOB Risk: The length argument for memcpy() is not trivially bounded.,,2840,2850,"    xmlMemIOCtxt *ctxt = vctxt;

    if ((size_t) size > ctxt->size)
        size = ctxt->size;

    memcpy(buf, ctxt->mem, size);
    ctxt->mem += size;
    ctxt->size -= size;

    return size;
}"
local/cpp/length-misuse,local/cpp/length-misuse,warning,low,"CWE-120,CWE-125,CWE-787",/media/shafi/Research/STAILOR/dataset/62911/libxml2_62911_vul/xmlregexp.c,5862,2,5862,8,Potential OOB Risk: The length argument for memcpy() is not trivially bounded.,,5857,5867,"	lenp = strlen((char *) token);

	str = (xmlChar *) xmlMallocAtomic(lenn + lenp + 2);
	if (str == NULL)
	    goto error;
	memcpy(&str[0], token, lenp);
	str[lenp] = '|';
	memcpy(&str[lenp + 1], token2, lenn);
	str[lenn + lenp + 1] = 0;

	atom->valuep = str;"
local/cpp/length-misuse,local/cpp/length-misuse,warning,low,"CWE-120,CWE-125,CWE-787",/media/shafi/Research/STAILOR/dataset/62911/libxml2_62911_vul/xmlregexp.c,5864,2,5864,8,Potential OOB Risk: The length argument for memcpy() is not trivially bounded.,,5859,5869,"	str = (xmlChar *) xmlMallocAtomic(lenn + lenp + 2);
	if (str == NULL)
	    goto error;
	memcpy(&str[0], token, lenp);
	str[lenp] = '|';
	memcpy(&str[lenp + 1], token2, lenn);
	str[lenn + lenp + 1] = 0;

	atom->valuep = str;
    }
    atom->data = data;"
local/cpp/length-misuse,local/cpp/length-misuse,warning,low,"CWE-120,CWE-125,CWE-787",/media/shafi/Research/STAILOR/dataset/62911/libxml2_62911_vul/xmlregexp.c,5792,2,5792,8,Potential OOB Risk: The length argument for memcpy() is not trivially bounded.,,5787,5797,"	str = (xmlChar *) xmlMallocAtomic(lenn + lenp + 2);
	if (str == NULL) {
	    xmlRegFreeAtom(atom);
	    return(NULL);
	}
	memcpy(&str[0], token, lenp);
	str[lenp] = '|';
	memcpy(&str[lenp + 1], token2, lenn);
	str[lenn + lenp + 1] = 0;

	atom->valuep = str;"
local/cpp/length-misuse,local/cpp/length-misuse,warning,low,"CWE-120,CWE-125,CWE-787",/media/shafi/Research/STAILOR/dataset/62911/libxml2_62911_vul/xmlregexp.c,5794,2,5794,8,Potential OOB Risk: The length argument for memcpy() is not trivially bounded.,,5789,5799,"	    xmlRegFreeAtom(atom);
	    return(NULL);
	}
	memcpy(&str[0], token, lenp);
	str[lenp] = '|';
	memcpy(&str[lenp + 1], token2, lenn);
	str[lenn + lenp + 1] = 0;

	atom->valuep = str;
    }
    snprintf((char *) err_msg, 199, ""not %s"", (const char *) atom->valuep);"
local/cpp/length-misuse,local/cpp/length-misuse,warning,low,"CWE-120,CWE-125,CWE-787",/media/shafi/Research/STAILOR/dataset/62911/libxml2_62911_vul/xmlregexp.c,5730,2,5730,8,Potential OOB Risk: The length argument for memcpy() is not trivially bounded.,,5725,5735,"	str = (xmlChar *) xmlMallocAtomic(lenn + lenp + 2);
	if (str == NULL) {
	    xmlRegFreeAtom(atom);
	    return(NULL);
	}
	memcpy(&str[0], token, lenp);
	str[lenp] = '|';
	memcpy(&str[lenp + 1], token2, lenn);
	str[lenn + lenp + 1] = 0;

	atom->valuep = str;"
local/cpp/length-misuse,local/cpp/length-misuse,warning,low,"CWE-120,CWE-125,CWE-787",/media/shafi/Research/STAILOR/dataset/62911/libxml2_62911_vul/xmlregexp.c,5732,2,5732,8,Potential OOB Risk: The length argument for memcpy() is not trivially bounded.,,5727,5737,"	    xmlRegFreeAtom(atom);
	    return(NULL);
	}
	memcpy(&str[0], token, lenp);
	str[lenp] = '|';
	memcpy(&str[lenp + 1], token2, lenn);
	str[lenn + lenp + 1] = 0;

	atom->valuep = str;
    }
"
local/cpp/length-misuse,local/cpp/length-misuse,warning,low,"CWE-120,CWE-125,CWE-787",/media/shafi/Research/STAILOR/dataset/62911/libxml2_62911_vul/xmlmemory.c,412,5,412,11,Potential OOB Risk: The length argument for memset() is not trivially bounded.,,407,417,"        Mem_Tag_Err(p);
        goto error;
    }
    if (xmlMemStopAtBlock == p->mh_number) xmlMallocBreakpoint();
    p->mh_tag = ~MEMTAG;
    memset(target, -1, p->mh_size);
    xmlMutexLock(&xmlMemMutex);
    debugMemSize -= p->mh_size;
    debugMemBlocks--;
#ifdef MEM_LIST
    debugmem_list_delete(p);"
local/cpp/length-misuse,local/cpp/length-misuse,warning,low,"CWE-120,CWE-125,CWE-787",/media/shafi/Research/STAILOR/dataset/62911/libxml2_62911_vul/xmlstring.c,878,5,878,11,Potential OOB Risk: The length argument for memcpy() is not trivially bounded.,,873,883,"    i = xmlUTF8Strsize(utf, len);
    ret = (xmlChar *) xmlMallocAtomic((size_t) i + 1);
    if (ret == NULL) {
        return(NULL);
    }
    memcpy(ret, utf, i);
    ret[i] = 0;
    return(ret);
}

/**"
local/cpp/length-misuse,local/cpp/length-misuse,warning,low,"CWE-120,CWE-125,CWE-787",/media/shafi/Research/STAILOR/dataset/62911/libxml2_62911_vul/tree.c,7471,13,7471,20,Potential OOB Risk: The length argument for memmove() is not trivially bounded.,,7466,7476,"	if (start_buf > (unsigned int) len) {
	    /*
	     * We can add it in the space previously shrunk
	     */
	    buf->content -= len;
            memmove(&buf->content[0], str, len);
	    buf->use += len;
	    buf->size += len;
            buf->content[buf->use] = 0;
	    return(0);
	}"
local/cpp/length-misuse,local/cpp/length-misuse,warning,low,"CWE-120,CWE-125,CWE-787",/media/shafi/Research/STAILOR/dataset/62911/libxml2_62911_vul/xmlstring.c,505,5,505,11,Potential OOB Risk: The length argument for memcpy() is not trivially bounded.,,500,510,"        return(NULL);
    ret = (xmlChar *) xmlMalloc((size_t) size + len + 1);
    if (ret == NULL) {
        return(xmlStrndup(str1, size));
    }
    memcpy(ret, str1, size);
    memcpy(&ret[size], str2, len);
    ret[size + len] = 0;
    return(ret);
}
"
local/cpp/length-misuse,local/cpp/length-misuse,warning,low,"CWE-120,CWE-125,CWE-787",/media/shafi/Research/STAILOR/dataset/62911/libxml2_62911_vul/xmlstring.c,506,5,506,11,Potential OOB Risk: The length argument for memcpy() is not trivially bounded.,,501,511,"    ret = (xmlChar *) xmlMalloc((size_t) size + len + 1);
    if (ret == NULL) {
        return(xmlStrndup(str1, size));
    }
    memcpy(ret, str1, size);
    memcpy(&ret[size], str2, len);
    ret[size + len] = 0;
    return(ret);
}

/**"
local/cpp/length-misuse,local/cpp/length-misuse,warning,low,"CWE-120,CWE-125,CWE-787",/media/shafi/Research/STAILOR/dataset/62911/libxml2_62911_vul/tree.c,7491,5,7491,12,Potential OOB Risk: The length argument for memmove() is not trivially bounded.,,7486,7496,"	    xmlTreeErrMemory(""growing buffer"");
            return XML_ERR_NO_MEMORY;
        }
    }

    memmove(&buf->content[len], &buf->content[0], buf->use);
    memmove(&buf->content[0], str, len);
    buf->use += len;
    buf->content[buf->use] = 0;
    return 0;
}"
local/cpp/length-misuse,local/cpp/length-misuse,warning,low,"CWE-120,CWE-125,CWE-787",/media/shafi/Research/STAILOR/dataset/62911/libxml2_62911_vul/tree.c,7492,5,7492,12,Potential OOB Risk: The length argument for memmove() is not trivially bounded.,,7487,7497,"            return XML_ERR_NO_MEMORY;
        }
    }

    memmove(&buf->content[len], &buf->content[0], buf->use);
    memmove(&buf->content[0], str, len);
    buf->use += len;
    buf->content[buf->use] = 0;
    return 0;
}
"
local/cpp/length-misuse,local/cpp/length-misuse,warning,low,"CWE-120,CWE-125,CWE-787",/media/shafi/Research/STAILOR/dataset/62911/libxml2_62911_vul/xmlstring.c,466,5,466,11,Potential OOB Risk: The length argument for memcpy() is not trivially bounded.,,461,471,"        return(NULL);
    ret = (xmlChar *) xmlRealloc(cur, (size_t) size + len + 1);
    if (ret == NULL) {
        return(cur);
    }
    memcpy(&ret[size], add, len);
    ret[size + len] = 0;
    return(ret);
}

/**"
local/cpp/length-misuse,local/cpp/length-misuse,warning,low,"CWE-120,CWE-125,CWE-787",/media/shafi/Research/STAILOR/dataset/62911/libxml2_62911_vul/tree.c,7426,5,7426,12,Potential OOB Risk: The length argument for memmove() is not trivially bounded.,,7421,7431,"	    xmlTreeErrMemory(""growing buffer"");
            return XML_ERR_NO_MEMORY;
        }
    }

    memmove(&buf->content[buf->use], str, len);
    buf->use += len;
    buf->content[buf->use] = 0;
    return 0;
}
"
local/cpp/length-misuse,local/cpp/length-misuse,warning,low,"CWE-120,CWE-125,CWE-787",/media/shafi/Research/STAILOR/dataset/62911/libxml2_62911_vul/tree.c,7339,6,7339,13,Potential OOB Risk: The length argument for memmove() is not trivially bounded.,,7334,7344,"    if ((buf->alloc == XML_BUFFER_ALLOC_IO) && (buf->contentIO != NULL)) {
        start_buf = buf->content - buf->contentIO;

        if (start_buf > newSize) {
	    /* move data back to start */
	    memmove(buf->contentIO, buf->content, buf->use);
	    buf->content = buf->contentIO;
	    buf->content[buf->use] = 0;
	    buf->size += start_buf;
	} else {
	    rebuf = (xmlChar *) xmlRealloc(buf->contentIO, start_buf + newSize);"
local/cpp/length-misuse,local/cpp/length-misuse,warning,low,"CWE-120,CWE-125,CWE-787",/media/shafi/Research/STAILOR/dataset/62911/libxml2_62911_vul/tree.c,7367,3,7367,9,Potential OOB Risk: The length argument for memcpy() is not trivially bounded.,,7362,7372,"	     * better to make a new allocation and copy only the used range
	     * and free the old one.
	     */
	    rebuf = (xmlChar *) xmlMallocAtomic(newSize);
	    if (rebuf != NULL) {
		memcpy(rebuf, buf->content, buf->use);
		xmlFree(buf->content);
		rebuf[buf->use] = 0;
	    }
	}
	if (rebuf == NULL) {"
local/cpp/length-misuse,local/cpp/length-misuse,warning,low,"CWE-120,CWE-125,CWE-787",/media/shafi/Research/STAILOR/dataset/62911/libxml2_62911_vul/xmlstring.c,53,5,53,11,Potential OOB Risk: The length argument for memcpy() is not trivially bounded.,,48,58,"    if ((cur == NULL) || (len < 0)) return(NULL);
    ret = (xmlChar *) xmlMallocAtomic((size_t) len + 1);
    if (ret == NULL) {
        return(NULL);
    }
    memcpy(ret, cur, len);
    ret[len] = 0;
    return(ret);
}

/**"
local/cpp/length-misuse,local/cpp/length-misuse,warning,low,"CWE-120,CWE-125,CWE-787",/media/shafi/Research/STAILOR/dataset/62911/libxml2_62911_vul/tree.c,7141,3,7141,10,Potential OOB Risk: The length argument for memmove() is not trivially bounded.,,7136,7146,"	 * on IO buffers
	 */
	if ((buf->alloc == XML_BUFFER_ALLOC_IO) && (buf->contentIO != NULL)) {
	    size_t start_buf = buf->content - buf->contentIO;
	    if (start_buf >= buf->size) {
		memmove(buf->contentIO, &buf->content[0], buf->use);
		buf->content = buf->contentIO;
		buf->content[buf->use] = 0;
		buf->size += start_buf;
	    }
	}"
local/cpp/length-misuse,local/cpp/length-misuse,warning,low,"CWE-120,CWE-125,CWE-787",/media/shafi/Research/STAILOR/dataset/62911/libxml2_62911_vul/tree.c,7148,2,7148,9,Potential OOB Risk: The length argument for memmove() is not trivially bounded.,,7143,7153,"		buf->content[buf->use] = 0;
		buf->size += start_buf;
	    }
	}
    } else {
	memmove(buf->content, &buf->content[len], buf->use);
	buf->content[buf->use] = 0;
    }
    return(len);
}
"
local/cpp/length-misuse,local/cpp/length-misuse,warning,low,"CWE-120,CWE-125,CWE-787",/media/shafi/Research/STAILOR/dataset/62911/libxml2_62911_vul/error.c,219,5,219,11,Potential OOB Risk: The length argument for memcpy() is not trivially bounded.,,214,224,"        if ((c < 0) || (n + len > sizeof(content)-1))
            break;
        cur += len;
	n += len;
    }
    memcpy(content, start, n);
    content[n] = 0;
    /* print out the selected text */
    channel(data ,""%s\n"", content);
    /* create blank line with problem pointer */
    n = 0;"
local/cpp/length-misuse,local/cpp/length-misuse,warning,low,"CWE-120,CWE-125,CWE-787",/media/shafi/Research/STAILOR/dataset/62911/libxml2_62911_vul/xmlIO.c,728,11,728,15,Potential OOB Risk: The length argument for read() is not trivially bounded.,,723,733," */
static int
xmlFdRead (void * context, char * buffer, int len) {
    int ret;

    ret = read((int) (ptrdiff_t) context, &buffer[0], len);
    if (ret < 0) xmlIOErr(0, ""read()"");
    return(ret);
}

#ifdef LIBXML_OUTPUT_ENABLED"
local/cpp/length-misuse,local/cpp/length-misuse,warning,low,"CWE-120,CWE-125,CWE-787",/media/shafi/Research/STAILOR/dataset/62911/libxml2_62911_vul/xmlregexp.c,4052,5,4052,11,Potential OOB Risk: The length argument for memcpy() is not trivially bounded.,,4047,4057,"	    return(-1);
	}
    } else {
	str = buf;
    }
    memcpy(&str[0], value, lenp);
    str[lenp] = XML_REG_STRING_SEPARATOR;
    memcpy(&str[lenp + 1], value2, lenn);
    str[lenn + lenp + 1] = 0;

    if (exec->comp->compact != NULL)"
local/cpp/length-misuse,local/cpp/length-misuse,warning,low,"CWE-120,CWE-125,CWE-787",/media/shafi/Research/STAILOR/dataset/62911/libxml2_62911_vul/xmlregexp.c,4054,5,4054,11,Potential OOB Risk: The length argument for memcpy() is not trivially bounded.,,4049,4059,"    } else {
	str = buf;
    }
    memcpy(&str[0], value, lenp);
    str[lenp] = XML_REG_STRING_SEPARATOR;
    memcpy(&str[lenp + 1], value2, lenn);
    str[lenn + lenp + 1] = 0;

    if (exec->comp->compact != NULL)
	ret = xmlRegCompactPushString(exec, exec->comp, str, data);
    else"
local/cpp/length-misuse,local/cpp/length-misuse,warning,low,"CWE-120,CWE-125,CWE-787",/media/shafi/Research/STAILOR/dataset/62911/libxml2_62911_vul/parser.c,9351,9,9351,15,Potential OOB Risk: The length argument for memset() is not trivially bounded.,,9346,9356,"            table = newTable;
            ctxt->attrHash = newTable;
            ctxt->attrHashMax = newSize;
        }

        memset(&table[size], 0, (newSize - size) * sizeof(table[0]));

        if (size > 0) {
            /*
             * We must search for the start of a probe sequence to make
             * in-place operation work."
local/cpp/length-misuse,local/cpp/length-misuse,warning,low,"CWE-120,CWE-125,CWE-787",/media/shafi/Research/STAILOR/dataset/62911/libxml2_62911_vul/xmlregexp.c,3928,7,3928,13,Potential OOB Risk: The length argument for memcpy() is not trivially bounded.,,3923,3933,"		     */
		    if (exec->errString != NULL)
			xmlFree(exec->errString);
		    exec->errString = xmlStrdup(value);
		    exec->errState = exec->state;
		    memcpy(exec->errCounts, exec->counts,
			   exec->comp->nbCounters * sizeof(int));
		}
		exec->state = exec->comp->states[trans->to];
		exec->transno = 0;
		if (trans->atom != NULL) {"
local/cpp/length-misuse,local/cpp/length-misuse,warning,low,"CWE-120,CWE-125,CWE-787",/media/shafi/Research/STAILOR/dataset/62911/libxml2_62911_vul/xmlregexp.c,3968,21,3968,27,Potential OOB Risk: The length argument for memcpy() is not trivially bounded.,,3963,3973,"		if (exec->errString != NULL)
		    xmlFree(exec->errString);
		exec->errString = xmlStrdup(value);
		exec->errState = exec->state;
                if (exec->comp->nbCounters)
                    memcpy(exec->errCounts, exec->counts,
                           exec->comp->nbCounters * sizeof(int));
	    }

	    /*
	     * Failed to find a way out"
local/cpp/length-misuse,local/cpp/length-misuse,warning,low,"CWE-120,CWE-125,CWE-787",/media/shafi/Research/STAILOR/dataset/62911/libxml2_62911_vul/xmlsave.c,298,9,298,15,Potential OOB Risk: The length argument for memset() is not trivially bounded.,,293,303,"    if (ctxt == NULL) return;
    if ((ctxt->encoding == NULL) && (ctxt->escape == NULL))
        ctxt->escape = xmlEscapeEntities;
    len = xmlStrlen((xmlChar *)xmlTreeIndentString);
    if ((xmlTreeIndentString == NULL) || (len == 0)) {
        memset(&ctxt->indent[0], 0, MAX_INDENT + 1);
    } else {
	ctxt->indent_size = len;
	ctxt->indent_nr = MAX_INDENT / ctxt->indent_size;
	for (i = 0;i < ctxt->indent_nr;i++)
	    memcpy(&ctxt->indent[i * ctxt->indent_size], xmlTreeIndentString,"
local/cpp/length-misuse,local/cpp/length-misuse,warning,low,"CWE-120,CWE-125,CWE-787",/media/shafi/Research/STAILOR/dataset/62911/libxml2_62911_vul/timsort.h,383,5,383,11,Potential OOB Risk: The length argument for memcpy() is not trivially bounded.,,378,388,"  TIM_SORT_RESIZE(store, MIN(A, B));
  storage = store->storage;

  /* left merge */
  if (A < B) {
    memcpy(storage, &dst[curr], A * sizeof(SORT_TYPE));
    i = 0;
    j = curr + A;

    for (k = curr; k < curr + A + B; k++) {
      if ((i < A) && (j < curr + A + B)) {"
local/cpp/length-misuse,local/cpp/length-misuse,warning,low,"CWE-120,CWE-125,CWE-787",/media/shafi/Research/STAILOR/dataset/62911/libxml2_62911_vul/xmlsave.c,303,6,303,12,Potential OOB Risk: The length argument for memcpy() is not trivially bounded.,,298,308,"        memset(&ctxt->indent[0], 0, MAX_INDENT + 1);
    } else {
	ctxt->indent_size = len;
	ctxt->indent_nr = MAX_INDENT / ctxt->indent_size;
	for (i = 0;i < ctxt->indent_nr;i++)
	    memcpy(&ctxt->indent[i * ctxt->indent_size], xmlTreeIndentString,
		   ctxt->indent_size);
        ctxt->indent[ctxt->indent_nr * ctxt->indent_size] = 0;
    }

    if (xmlSaveNoEmptyTags) {"
local/cpp/length-misuse,local/cpp/length-misuse,warning,low,"CWE-120,CWE-125,CWE-787",/media/shafi/Research/STAILOR/dataset/62911/libxml2_62911_vul/timsort.h,402,5,402,11,Potential OOB Risk: The length argument for memcpy() is not trivially bounded.,,397,407,"        break;
      }
    }
  } else {
    /* right merge */
    memcpy(storage, &dst[curr + A], B * sizeof(SORT_TYPE));
    i = B;
    j = curr + A;
    k = curr + A + B;

    while (k > curr) {"
local/cpp/length-misuse,local/cpp/length-misuse,warning,low,"CWE-120,CWE-125,CWE-787",/media/shafi/Research/STAILOR/dataset/62911/libxml2_62911_vul/xmlregexp.c,3474,9,3474,15,Potential OOB Risk: The length argument for memset() is not trivially bounded.,,3469,3479,"	if (exec->counts == NULL) {
	    xmlRegexpErrMemory(NULL, ""creating execution context"");
	    xmlFree(exec);
	    return(NULL);
	}
        memset(exec->counts, 0, comp->nbCounters * sizeof(int) * 2);
	exec->errCounts = &exec->counts[comp->nbCounters];
    } else {
	exec->counts = NULL;
	exec->errCounts = NULL;
    }"
local/cpp/length-misuse,local/cpp/length-misuse,warning,low,"CWE-120,CWE-125,CWE-787",/media/shafi/Research/STAILOR/dataset/62911/libxml2_62911_vul/xmlregexp.c,3163,9,3163,15,Potential OOB Risk: The length argument for memset() is not trivially bounded.,,3158,3168,"	exec->counts = (int *) xmlMalloc(comp->nbCounters * sizeof(int));
	if (exec->counts == NULL) {
	    xmlRegexpErrMemory(NULL, ""running regexp"");
	    return(XML_REGEXP_OUT_OF_MEMORY);
	}
        memset(exec->counts, 0, comp->nbCounters * sizeof(int));
    } else
	exec->counts = NULL;
    while ((exec->status == XML_REGEXP_OK) && (exec->state != NULL) &&
	   ((exec->inputString[exec->index] != 0) ||
	    ((exec->state != NULL) &&"
local/cpp/length-misuse,local/cpp/length-misuse,warning,low,"CWE-120,CWE-125,CWE-787",/media/shafi/Research/STAILOR/dataset/62911/libxml2_62911_vul/xmlregexp.c,3125,6,3125,12,Potential OOB Risk: The length argument for memcpy() is not trivially bounded.,,3120,3130,"	    fprintf(stderr, ""exec save: allocation failed"");
	    exec->status = XML_REGEXP_INTERNAL_ERROR;
	    return;
	}
	if (exec->counts) {
	    memcpy(exec->counts, exec->rollbacks[exec->nbRollbacks].counts,
	       exec->comp->nbCounters * sizeof(int));
	}
    }
}
"
local/cpp/length-misuse,local/cpp/length-misuse,warning,low,"CWE-120,CWE-125,CWE-787",/media/shafi/Research/STAILOR/dataset/62911/libxml2_62911_vul/xmlregexp.c,3068,2,3068,8,Potential OOB Risk: The length argument for memset() is not trivially bounded.,,3063,3073,"	    xmlRegexpErrMemory(NULL, ""saving regexp"");
	    exec->maxRollbacks = 0;
            exec->status = XML_REGEXP_OUT_OF_MEMORY;
	    return;
	}
	memset(exec->rollbacks, 0,
	       exec->maxRollbacks * sizeof(xmlRegExecRollback));
    } else if (exec->nbRollbacks >= exec->maxRollbacks) {
	xmlRegExecRollback *tmp;
	int len = exec->maxRollbacks;
"
local/cpp/length-misuse,local/cpp/length-misuse,warning,low,"CWE-120,CWE-125,CWE-787",/media/shafi/Research/STAILOR/dataset/62911/libxml2_62911_vul/xmlregexp.c,3085,2,3085,8,Potential OOB Risk: The length argument for memset() is not trivially bounded.,,3080,3090,"            exec->status = XML_REGEXP_OUT_OF_MEMORY;
	    return;
	}
	exec->rollbacks = tmp;
	tmp = &exec->rollbacks[len];
	memset(tmp, 0, (exec->maxRollbacks - len) * sizeof(xmlRegExecRollback));
    }
    exec->rollbacks[exec->nbRollbacks].state = exec->state;
    exec->rollbacks[exec->nbRollbacks].index = exec->index;
    exec->rollbacks[exec->nbRollbacks].nextbranch = exec->transno + 1;
    if (exec->comp->nbCounters > 0) {"
local/cpp/length-misuse,local/cpp/length-misuse,warning,low,"CWE-120,CWE-125,CWE-787",/media/shafi/Research/STAILOR/dataset/62911/libxml2_62911_vul/xmlregexp.c,3100,2,3100,8,Potential OOB Risk: The length argument for memcpy() is not trivially bounded.,,3095,3105,"		xmlRegexpErrMemory(NULL, ""saving regexp"");
		exec->status = XML_REGEXP_OUT_OF_MEMORY;
		return;
	    }
	}
	memcpy(exec->rollbacks[exec->nbRollbacks].counts, exec->counts,
	       exec->comp->nbCounters * sizeof(int));
    }
    exec->nbRollbacks++;
}
"
local/cpp/length-misuse,local/cpp/length-misuse,warning,low,"CWE-120,CWE-125,CWE-787",/media/shafi/Research/STAILOR/dataset/62911/libxml2_62911_vul/xmlschemastypes.c,6050,4,6050,11,Potential OOB Risk: The length argument for memmove() is not trivially bounded.,,6045,6055,"		    if (dec.frac != dec.total) {
			int diff = dec.total - dec.frac;
			/*
			* Insert the decimal point.
			*/
			memmove(offs + diff + 1, offs + diff, dec.frac +1);
			offs[diff] = '.';
		    } else {
			unsigned int i = 0;
			/*
			* Insert missing zeroes behind the decimal point."
local/cpp/length-misuse,local/cpp/length-misuse,warning,low,"CWE-120,CWE-125,CWE-787",/media/shafi/Research/STAILOR/dataset/62911/libxml2_62911_vul/xmlschemastypes.c,6060,8,6060,15,Potential OOB Risk: The length argument for memmove() is not trivially bounded.,,6055,6065,"			* Insert missing zeroes behind the decimal point.
			*/
			while (*(offs + i) != 0)
			    i++;
			if (i < dec.total) {
			    memmove(offs + (dec.total - i), offs, i +1);
			    memset(offs, '0', dec.total - i);
			}
		    }
		} else {
		    /*"
local/cpp/length-misuse,local/cpp/length-misuse,warning,low,"CWE-120,CWE-125,CWE-787",/media/shafi/Research/STAILOR/dataset/62911/libxml2_62911_vul/xmlschemastypes.c,6061,8,6061,14,Potential OOB Risk: The length argument for memset() is not trivially bounded.,,6056,6066,"			*/
			while (*(offs + i) != 0)
			    i++;
			if (i < dec.total) {
			    memmove(offs + (dec.total - i), offs, i +1);
			    memset(offs, '0', dec.total - i);
			}
		    }
		} else {
		    /*
		    * Append decimal point and zero."
local/cpp/length-misuse,local/cpp/length-misuse,warning,low,"CWE-120,CWE-125,CWE-787",/media/shafi/Research/STAILOR/dataset/62911/libxml2_62911_vul/xzlib.c,745,13,745,19,Potential OOB Risk: The length argument for memcpy() is not trivially bounded.,,740,750,"    got = 0;
    do {
        /* first just try copying data from the output buffer */
        if (state->have) {
            n = state->have > len ? len : state->have;
            memcpy(buf, state->next, n);
            state->next += n;
            state->have -= n;
        }

        /* output buffer empty -- return if we're at the end of the input */"
local/cpp/length-misuse,local/cpp/length-misuse,warning,low,"CWE-120,CWE-125,CWE-787",/media/shafi/Research/STAILOR/dataset/62911/libxml2_62911_vul/xmlschemas.c,24077,2,24077,8,Potential OOB Risk: The length argument for memset() is not trivially bounded.,,24072,24082,"	if (vctxt->elemInfos == NULL) {
	    xmlSchemaVErrMemory(vctxt,
		""allocating the element info array"", NULL);
	    return (NULL);
	}
	memset(vctxt->elemInfos, 0, 10 * sizeof(xmlSchemaNodeInfoPtr));
	vctxt->sizeElemInfos = 10;
    } else if (vctxt->sizeElemInfos <= vctxt->depth) {
	int i = vctxt->sizeElemInfos;

	vctxt->sizeElemInfos *= 2;"
local/cpp/length-misuse,local/cpp/length-misuse,warning,low,"CWE-120,CWE-125,CWE-787",/media/shafi/Research/STAILOR/dataset/62911/libxml2_62911_vul/xzlib.c,522,9,522,15,Potential OOB Risk: The length argument for memcpy() is not trivially bounded.,,517,527,"     * input to output -- this assumes that the output buffer is larger than
     * the input buffer, which also assures space for gzungetc() */
    state->raw = state->pos;
    state->next = state->out;
    if (strm->avail_in) {
        memcpy(state->next + state->have, strm->next_in, strm->avail_in);
        state->have += strm->avail_in;
        strm->avail_in = 0;
    }
    state->how = COPY;
    state->direct = 1;"
local/cpp/length-misuse,local/cpp/length-misuse,warning,low,"CWE-120,CWE-125,CWE-787",/media/shafi/Research/STAILOR/dataset/62911/libxml2_62911_vul/xzlib.c,292,35,292,41,Potential OOB Risk: The length argument for memcmp() is not trivially bounded.,,287,297,"static int
is_format_xz(xz_statep state)
{
    lzma_stream *strm = &(state->strm);

    return strm->avail_in >= 6 && memcmp(state->in, ""\3757zXZ"", 6) == 0;
}

static int
is_format_lzma(xz_statep state)
{"
local/cpp/length-misuse,local/cpp/length-misuse,warning,low,"CWE-120,CWE-125,CWE-787",/media/shafi/Research/STAILOR/dataset/62911/libxml2_62911_vul/xzlib.c,238,15,238,19,Potential OOB Risk: The length argument for read() is not trivially bounded.,,233,243,"{
    int ret;

    *have = 0;
    do {
        ret = read(state->fd, buf + *have, len - *have);
        if (ret <= 0)
            break;
        *have += ret;
    } while (*have < len);
    if (ret < 0) {"
local/cpp/length-misuse,local/cpp/length-misuse,warning,low,"CWE-120,CWE-125,CWE-787",/media/shafi/Research/STAILOR/dataset/62911/libxml2_62911_vul/xmlregexp.c,447,9,447,15,Potential OOB Risk: The length argument for memset() is not trivially bounded.,,442,452,"        (dim1 > SIZE_MAX / dim2 / elemSize))
        return (NULL);
    totalSize = dim1 * dim2 * elemSize;
    ret = xmlMalloc(totalSize);
    if (ret != NULL)
        memset(ret, 0, totalSize);
    return (ret);
}

/**
 * xmlRegEpxFromParse:"
local/cpp/length-misuse,local/cpp/length-misuse,warning,low,"CWE-120,CWE-125,CWE-787",/media/shafi/Research/STAILOR/dataset/62911/libxml2_62911_vul/xmlschemas.c,23689,7,23689,13,Potential OOB Risk: The length argument for memcpy() is not trivially bounded.,,23684,23694,"			xmlSchemaIDCFreeBinding(parBind);
			goto internal_error;
		    }
		    parBind->sizeNodes = bind->nbNodes;
		    parBind->nbNodes = bind->nbNodes;
		    memcpy(parBind->nodeTable, bind->nodeTable,
			bind->nbNodes * sizeof(xmlSchemaPSVIIDCNodePtr));
		}
	    }
	    if (bind->dupls) {
		/*"
local/cpp/length-misuse,local/cpp/length-misuse,warning,low,"CWE-120,CWE-125,CWE-787",/media/shafi/Research/STAILOR/dataset/62911/libxml2_62911_vul/xmlschemas.c,22741,7,22741,13,Potential OOB Risk: The length argument for memset() is not trivially bounded.,,22736,22746,"			xmlSchemaVErrMemory(NULL,
			    ""allocating an array of key-sequences"",
			    NULL);
			return(-1);
		    }
		    memset(matcher->keySeqs, 0,
			matcher->sizeKeySeqs *
			sizeof(xmlSchemaPSVIIDCKeyPtr *));
		} else if (pos >= matcher->sizeKeySeqs) {
		    int i = matcher->sizeKeySeqs;
"
local/cpp/length-misuse,local/cpp/length-misuse,warning,low,"CWE-120,CWE-125,CWE-787",/media/shafi/Research/STAILOR/dataset/62911/libxml2_62911_vul/xmlschemas.c,22809,3,22809,9,Potential OOB Risk: The length argument for memset() is not trivially bounded.,,22804,22814,"		if (keySeq == NULL) {
		    xmlSchemaVErrMemory(NULL,
			""allocating an IDC key-sequence"", NULL);
		    return(-1);
		}
		memset(keySeq, 0, matcher->aidc->def->nbFields *
		    sizeof(xmlSchemaPSVIIDCKeyPtr));
		matcher->keySeqs[pos] = keySeq;
create_key:
		/*
		* Create a key once per node only."
local/cpp/length-misuse,local/cpp/length-misuse,warning,low,"CWE-120,CWE-125,CWE-787",/media/shafi/Research/STAILOR/dataset/62911/libxml2_62911_vul/relaxng.c,1309,9,1309,15,Potential OOB Risk: The length argument for memcpy() is not trivially bounded.,,1304,1314,"                return (ret);
            }
            ret->maxAttrs = state->maxAttrs;
            ret->attrs = tmp;
        }
        memcpy(ret->attrs, state->attrs,
               state->nbAttrs * sizeof(xmlAttrPtr));
    }
    return (ret);
}
"
local/cpp/length-misuse,local/cpp/length-misuse,warning,low,"CWE-120,CWE-125,CWE-787",/media/shafi/Research/STAILOR/dataset/62911/libxml2_62911_vul/relaxng.c,1235,13,1235,19,Potential OOB Risk: The length argument for memcpy() is not trivially bounded.,,1230,1240,"            ret->attrs = tmp;
            ret->maxAttrs = nbAttrs;
        }
        ret->nbAttrs = nbAttrs;
        if (nbAttrs < MAX_ATTR) {
            memcpy(ret->attrs, attrs, sizeof(xmlAttrPtr) * nbAttrs);
        } else {
            attr = node->properties;
            nbAttrs = 0;
            while (attr != NULL) {
                ret->attrs[nbAttrs++] = attr;"
local/cpp/length-misuse,local/cpp/length-misuse,warning,low,"CWE-120,CWE-125,CWE-787",/media/shafi/Research/STAILOR/dataset/62911/libxml2_62911_vul/parser.c,5096,3,5096,9,Potential OOB Risk: The length argument for memcpy() is not trivially bounded.,,5091,5101,"			ctxt->instate = state;
			return;
		    }
		    buf = new_buf;
		}
		memcpy(&buf[len], ctxt->input->cur, nbchar);
		len += nbchar;
		buf[len] = 0;
	    }
	}
        if (len > maxLength) {"
local/cpp/length-misuse,local/cpp/length-misuse,warning,low,"CWE-120,CWE-125,CWE-787",/media/shafi/Research/STAILOR/dataset/62911/libxml2_62911_vul/xpath.c,9202,6,9202,12,Potential OOB Risk: The length argument for memcpy() is not trivially bounded.,,9197,9207,"            }
	    buffer = (xmlChar *) xmlMallocAtomic(max);
	    if (buffer == NULL) {
		XP_ERRORNULL(XPATH_MEMORY_ERROR);
	    }
	    memcpy(buffer, buf, len);
	    while ((IS_LETTER(c)) || (IS_DIGIT(c)) || /* test bigname.xml */
		   (c == '.') || (c == '-') ||
		   (c == '_') || ((qualified) && (c == ':')) ||
		   (IS_COMBINING(c)) ||
		   (IS_EXTENDER(c))) {"
local/cpp/length-misuse,local/cpp/length-misuse,warning,low,"CWE-120,CWE-125,CWE-787",/media/shafi/Research/STAILOR/dataset/62911/libxml2_62911_vul/tree.c,237,5,237,11,Potential OOB Risk: The length argument for memcpy() is not trivially bounded.,,232,242,"	    return(NULL);
	}
    } else {
	ret = memory;
    }
    memcpy(&ret[0], prefix, lenp);
    ret[lenp] = ':';
    memcpy(&ret[lenp + 1], ncname, lenn);
    ret[lenn + lenp + 1] = 0;
    return(ret);
}"
local/cpp/length-misuse,local/cpp/length-misuse,warning,low,"CWE-120,CWE-125,CWE-787",/media/shafi/Research/STAILOR/dataset/62911/libxml2_62911_vul/tree.c,239,5,239,11,Potential OOB Risk: The length argument for memcpy() is not trivially bounded.,,234,244,"    } else {
	ret = memory;
    }
    memcpy(&ret[0], prefix, lenp);
    ret[lenp] = ':';
    memcpy(&ret[lenp + 1], ncname, lenn);
    ret[lenn + lenp + 1] = 0;
    return(ret);
}

/**"
local/cpp/length-misuse,local/cpp/length-misuse,warning,low,"CWE-120,CWE-125,CWE-787",/media/shafi/Research/STAILOR/dataset/62911/libxml2_62911_vul/parser.c,3828,6,3828,12,Potential OOB Risk: The length argument for memcpy() is not trivially bounded.,,3823,3833,"	    buffer = (xmlChar *) xmlMallocAtomic(max);
	    if (buffer == NULL) {
	        xmlErrMemory(ctxt, NULL);
		return(NULL);
	    }
	    memcpy(buffer, buf, len);
	    while (xmlIsNameChar(ctxt, c)) {
		if (len + 10 > max) {
		    xmlChar *tmp;

		    max *= 2;"
local/cpp/length-misuse,local/cpp/length-misuse,warning,low,"CWE-120,CWE-125,CWE-787",/media/shafi/Research/STAILOR/dataset/62911/libxml2_62911_vul/parser.c,3749,6,3749,12,Potential OOB Risk: The length argument for memcpy() is not trivially bounded.,,3744,3754,"	    buffer = (xmlChar *) xmlMallocAtomic(max);
	    if (buffer == NULL) {
	        xmlErrMemory(ctxt, NULL);
		return(NULL);
	    }
	    memcpy(buffer, buf, len);
	    while (xmlIsNameChar(ctxt, c)) {
		if (len + 10 > max) {
		    xmlChar *tmp;

		    max *= 2;"
local/cpp/length-misuse,local/cpp/length-misuse,warning,low,"CWE-120,CWE-125,CWE-787",/media/shafi/Research/STAILOR/dataset/62911/libxml2_62911_vul/parser.c,3179,2,3179,8,Potential OOB Risk: The length argument for memcpy() is not trivially bounded.,,3174,3184,"	buffer = (xmlChar *) xmlMallocAtomic(max);
	if (buffer == NULL) {
	    xmlErrMemory(ctxt, NULL);
	    return(NULL);
	}
	memcpy(buffer, buf, len);
	while ((c != 0) && (c != ':')) { /* tested bigname.xml */
	    if (len + 10 > max) {
	        xmlChar *tmp;

		max *= 2;"
local/cpp/length-misuse,local/cpp/length-misuse,warning,low,"CWE-120,CWE-125,CWE-787",/media/shafi/Research/STAILOR/dataset/62911/libxml2_62911_vul/parser.c,3257,6,3257,12,Potential OOB Risk: The length argument for memcpy() is not trivially bounded.,,3252,3262,"	    buffer = (xmlChar *) xmlMallocAtomic(max);
	    if (buffer == NULL) {
	        xmlErrMemory(ctxt, NULL);
		return(NULL);
	    }
	    memcpy(buffer, buf, len);
	    while (c != 0) { /* tested bigname2.xml */
		if (len + 10 > max) {
		    xmlChar *tmp;

		    max *= 2;"
local/cpp/length-misuse,local/cpp/length-misuse,warning,low,"CWE-120,CWE-125,CWE-787",/media/shafi/Research/STAILOR/dataset/62911/libxml2_62911_vul/xmllint.c,761,10,761,15,Potential OOB Risk: The length argument for fgets() is not trivially bounded.,,756,766,"    int len;

    if (prompt != NULL)
	fprintf(stdout, ""%s"", prompt);
    fflush(stdout);
    if (!fgets(line_read, 500, stdin))
        return(NULL);
    line_read[500] = 0;
    len = strlen(line_read);
    ret = (char *) malloc(len + 1);
    if (ret != NULL) {"
local/cpp/length-misuse,local/cpp/length-misuse,warning,low,"CWE-120,CWE-125,CWE-787",/media/shafi/Research/STAILOR/dataset/62911/libxml2_62911_vul/xmllint.c,767,2,767,8,Potential OOB Risk: The length argument for memcpy() is not trivially bounded.,,762,772,"        return(NULL);
    line_read[500] = 0;
    len = strlen(line_read);
    ret = (char *) malloc(len + 1);
    if (ret != NULL) {
	memcpy (ret, line_read, len + 1);
    }
    return(ret);
#endif
}
#endif /* LIBXML_XPATH_ENABLED */"
local/cpp/length-misuse,local/cpp/length-misuse,warning,low,"CWE-120,CWE-125,CWE-787",/media/shafi/Research/STAILOR/dataset/62911/libxml2_62911_vul/xmllint.c,494,5,494,11,Potential OOB Risk: The length argument for memset() is not trivially bounded.,,489,499,"    /*
     * xmlEncodeEntitiesReentrant assumes valid UTF-8, but the buffer might
     * end with a truncated UTF-8 sequence. This is a hack to at least avoid
     * an out-of-bounds read.
     */
    memset(&buffer[sizeof(buffer)-4], 0, 4);
    result = (char *) xmlEncodeEntitiesReentrant(NULL, BAD_CAST buffer);
    if (result) {
	xmlGenericError(xmlGenericErrorContext, ""%s"", result);
	xmlFree(result);
    }"
local/cpp/length-misuse,local/cpp/length-misuse,warning,low,"CWE-120,CWE-125,CWE-787",/media/shafi/Research/STAILOR/dataset/62911/libxml2_62911_vul/parser.c,1856,13,1856,19,Potential OOB Risk: The length argument for memcpy() is not trivially bounded.,,1851,1861,"	if (attallocs == NULL) {
            xmlFree(atts);
            goto mem_error;
        }
        if (ctxt->maxatts > 0)
            memcpy(atts, ctxt->atts, ctxt->maxatts * sizeof(const xmlChar *));
        xmlFree(ctxt->atts);
	ctxt->atts = atts;
	ctxt->attallocs = attallocs;
	ctxt->maxatts = maxatts;
    }"
local/cpp/length-misuse,local/cpp/length-misuse,warning,low,"CWE-120,CWE-125,CWE-787",/media/shafi/Research/STAILOR/dataset/62911/libxml2_62911_vul/parser.c,1739,9,1739,15,Potential OOB Risk: The length argument for memset() is not trivially bounded.,,1734,1744,"        newHash = xmlMalloc(newSize * sizeof(newHash[0]));
        if (newHash == NULL) {
            xmlErrMemory(ctxt, NULL);
            return(-1);
        }
        memset(newHash, 0, newSize * sizeof(newHash[0]));

        for (i = 0; i < ctxt->nsdb->hashSize; i++) {
            unsigned hv = ctxt->nsdb->hash[i].hashValue;
            unsigned newIndex;
"
local/cpp/length-misuse,local/cpp/length-misuse,warning,low,"CWE-120,CWE-125,CWE-787",/media/shafi/Research/STAILOR/dataset/62911/libxml2_62911_vul/parser.c,1444,9,1444,15,Potential OOB Risk: The length argument for memset() is not trivially bounded.,,1439,1449,"    nsdb->hashElems = 0;
    nsdb->elementId = 0;
    nsdb->defaultNsIndex = INT_MAX;

    if (nsdb->hash)
        memset(nsdb->hash, 0, nsdb->hashSize * sizeof(nsdb->hash[0]));
}

/**
 * xmlParserStartElement:
 * @nsdb: namespace database"
local/cpp/length-misuse,local/cpp/length-misuse,warning,low,"CWE-120,CWE-125,CWE-787",/media/shafi/Research/STAILOR/dataset/62911/libxml2_62911_vul/xpath.c,6225,5,6225,11,Potential OOB Risk: The length argument for memset() is not trivially bounded.,,6220,6230,"        /* TODO: Propagate memory error. */
        xmlXPathErrMemory(NULL, ""comparing nodesets\n"");
	xmlFree(values1);
	return(0);
    }
    memset(values1, 0, ns1->nodeNr * sizeof(xmlChar *));
    values2 = (xmlChar **) xmlMalloc(ns2->nodeNr * sizeof(xmlChar *));
    if (values2 == NULL) {
        /* TODO: Propagate memory error. */
        xmlXPathErrMemory(NULL, ""comparing nodesets\n"");
	xmlFree(hashs1);"
local/cpp/length-misuse,local/cpp/length-misuse,warning,low,"CWE-120,CWE-125,CWE-787",/media/shafi/Research/STAILOR/dataset/62911/libxml2_62911_vul/xpath.c,6243,5,6243,11,Potential OOB Risk: The length argument for memset() is not trivially bounded.,,6238,6248,"	xmlFree(hashs1);
	xmlFree(values1);
	xmlFree(values2);
	return(0);
    }
    memset(values2, 0, ns2->nodeNr * sizeof(xmlChar *));
    for (i = 0;i < ns1->nodeNr;i++) {
	hashs1[i] = xmlXPathNodeValHash(ns1->nodeTab[i]);
	for (j = 0;j < ns2->nodeNr;j++) {
	    if (i == 0)
		hashs2[j] = xmlXPathNodeValHash(ns2->nodeTab[j]);"
local/cpp/length-misuse,local/cpp/length-misuse,warning,low,"CWE-120,CWE-125,CWE-787",/media/shafi/Research/STAILOR/dataset/62911/libxml2_62911_vul/parser.c,995,9,995,16,Potential OOB Risk: The length argument for memmove() is not trivially bounded.,,990,1000,"	xmlAttrNormalizeSpace(ret, ret);
	*len = strlen((const char *)ret);
        return(ret);
    } else if (remove_head) {
        *len -= remove_head;
        memmove(src, src + remove_head, 1 + *len);
	return(src);
    }
    return(NULL);
}
"
local/cpp/length-misuse,local/cpp/length-misuse,warning,low,"CWE-120,CWE-125,CWE-787",/media/shafi/Research/STAILOR/dataset/62911/libxml2_62911_vul/xpath.c,3452,3,3452,9,Potential OOB Risk: The length argument for memset() is not trivially bounded.,,3447,3457,"		    XML_NODESET_DEFAULT * sizeof(xmlNodePtr));
		if (set1->nodeTab == NULL) {
		    xmlXPathErrMemory(NULL, ""merging nodeset\n"");
		    goto error;
		}
		memset(set1->nodeTab, 0,
		    XML_NODESET_DEFAULT * sizeof(xmlNodePtr));
		set1->nodeMax = XML_NODESET_DEFAULT;
	    } else if (set1->nodeNr >= set1->nodeMax) {
		xmlNodePtr *temp;
"
local/cpp/length-misuse,local/cpp/length-misuse,warning,low,"CWE-120,CWE-125,CWE-787",/media/shafi/Research/STAILOR/dataset/62911/libxml2_62911_vul/xpath.c,3391,3,3391,9,Potential OOB Risk: The length argument for memset() is not trivially bounded.,,3386,3396,"		    XML_NODESET_DEFAULT * sizeof(xmlNodePtr));
		if (set1->nodeTab == NULL) {
		    xmlXPathErrMemory(NULL, ""merging nodeset\n"");
		    goto error;
		}
		memset(set1->nodeTab, 0,
		    XML_NODESET_DEFAULT * sizeof(xmlNodePtr));
		set1->nodeMax = XML_NODESET_DEFAULT;
	    } else if (set1->nodeNr >= set1->nodeMax) {
		xmlNodePtr *temp;
"
local/cpp/length-misuse,local/cpp/length-misuse,warning,low,"CWE-120,CWE-125,CWE-787",/media/shafi/Research/STAILOR/dataset/62911/libxml2_62911_vul/xpath.c,3299,6,3299,12,Potential OOB Risk: The length argument for memset() is not trivially bounded.,,3294,3304,"						    sizeof(xmlNodePtr));
	    if (val1->nodeTab == NULL) {
	        xmlXPathErrMemory(NULL, ""merging nodeset\n"");
		goto error;
	    }
	    memset(val1->nodeTab, 0 ,
		   XML_NODESET_DEFAULT * sizeof(xmlNodePtr));
	    val1->nodeMax = XML_NODESET_DEFAULT;
	} else if (val1->nodeNr == val1->nodeMax) {
	    xmlNodePtr *temp;
"
local/cpp/length-misuse,local/cpp/length-misuse,warning,low,"CWE-120,CWE-125,CWE-787",/media/shafi/Research/STAILOR/dataset/62911/libxml2_62911_vul/xpath.c,3206,2,3206,8,Potential OOB Risk: The length argument for memset() is not trivially bounded.,,3201,3211,"					     sizeof(xmlNodePtr));
	if (cur->nodeTab == NULL) {
	    xmlXPathErrMemory(NULL, ""growing nodeset\n"");
	    return(-1);
	}
	memset(cur->nodeTab, 0 ,
	       XML_NODESET_DEFAULT * sizeof(xmlNodePtr));
        cur->nodeMax = XML_NODESET_DEFAULT;
    } else if (cur->nodeNr == cur->nodeMax) {
        xmlNodePtr *temp;
"
local/cpp/length-misuse,local/cpp/length-misuse,warning,low,"CWE-120,CWE-125,CWE-787",/media/shafi/Research/STAILOR/dataset/62911/libxml2_62911_vul/xpath.c,3150,2,3150,8,Potential OOB Risk: The length argument for memset() is not trivially bounded.,,3145,3155,"					     sizeof(xmlNodePtr));
	if (cur->nodeTab == NULL) {
	    xmlXPathErrMemory(NULL, ""growing nodeset\n"");
	    return(-1);
	}
	memset(cur->nodeTab, 0 ,
	       XML_NODESET_DEFAULT * sizeof(xmlNodePtr));
        cur->nodeMax = XML_NODESET_DEFAULT;
    } else if (cur->nodeNr == cur->nodeMax) {
        xmlNodePtr *temp;
"
local/cpp/length-misuse,local/cpp/length-misuse,warning,low,"CWE-120,CWE-125,CWE-787",/media/shafi/Research/STAILOR/dataset/62911/libxml2_62911_vul/xpath.c,3092,2,3092,8,Potential OOB Risk: The length argument for memset() is not trivially bounded.,,3087,3097,"					     sizeof(xmlNodePtr));
	if (cur->nodeTab == NULL) {
	    xmlXPathErrMemory(NULL, ""growing nodeset\n"");
	    return(-1);
	}
	memset(cur->nodeTab, 0 ,
	       XML_NODESET_DEFAULT * sizeof(xmlNodePtr));
        cur->nodeMax = XML_NODESET_DEFAULT;
    } else if (cur->nodeNr == cur->nodeMax) {
        xmlNodePtr *temp;
"
local/cpp/length-misuse,local/cpp/length-misuse,warning,low,"CWE-120,CWE-125,CWE-787",/media/shafi/Research/STAILOR/dataset/62911/libxml2_62911_vul/xpath.c,2995,2,2995,8,Potential OOB Risk: The length argument for memset() is not trivially bounded.,,2990,3000,"	if (ret->nodeTab == NULL) {
	    xmlXPathErrMemory(NULL, ""creating nodeset\n"");
	    xmlFree(ret);
	    return(NULL);
	}
	memset(ret->nodeTab, 0 ,
	       XML_NODESET_DEFAULT * sizeof(xmlNodePtr));
        ret->nodeMax = XML_NODESET_DEFAULT;
	if (val->type == XML_NAMESPACE_DECL) {
	    xmlNsPtr ns = (xmlNsPtr) val;
            xmlNodePtr nsNode = xmlXPathNodeSetDupNs((xmlNodePtr) ns->next, ns);"
local/cpp/length-misuse,local/cpp/length-misuse,warning,low,"CWE-120,CWE-125,CWE-787",/media/shafi/Research/STAILOR/dataset/62911/libxml2_62911_vul/xpath.c,2650,6,2650,13,Potential OOB Risk: The length argument for memmove() is not trivially bounded.,,2645,2655,"	    size = strlen(work) + 1;
	    if (size > buffersize) {
		work[buffersize - 1] = 0;
		size = buffersize;
	    }
	    memmove(buffer, work, size);
	}
	break;
    }
}
"
local/cpp/length-misuse,local/cpp/length-misuse,warning,low,"CWE-120,CWE-125,CWE-787",/media/shafi/Research/STAILOR/dataset/62911/libxml2_62911_vul/xpath.c,1031,5,1031,11,Potential OOB Risk: The length argument for memset() is not trivially bounded.,,1026,1036,"    if (cur->steps == NULL) {
        xmlXPathErrMemory(NULL, ""allocating steps\n"");
	xmlFree(cur);
	return(NULL);
    }
    memset(cur->steps, 0, cur->maxStep * sizeof(xmlXPathStepOp));
    cur->last = -1;
    return(cur);
}

/**"
local/cpp/length-misuse,local/cpp/length-misuse,warning,low,"CWE-120,CWE-125,CWE-787",/media/shafi/Research/STAILOR/dataset/62911/libxml2_62911_vul/xmlschemas.c,3633,5,3633,11,Potential OOB Risk: The length argument for memset() is not trivially bounded.,,3628,3638,"    ret = (xmlSchemaBucketPtr) xmlMalloc(size);
    if (ret == NULL) {
	xmlSchemaPErrMemory(NULL, ""allocating schema bucket"", NULL);
	return(NULL);
    }
    memset(ret, 0, size);
    ret->targetNamespace = targetNamespace;
    ret->type = type;
    ret->globals = xmlSchemaItemListCreate();
    if (ret->globals == NULL) {
	xmlSchemaBucketFree(ret);"
local/cpp/pointer-offset-misuse,local/cpp/pointer-offset-misuse,warning,low,"CWE-119,CWE-823",/media/shafi/Research/STAILOR/dataset/62911/libxml2_62911_vul/SAX2.c,2479,6,2479,12,Potential OOB Risk: Destination pointer derived via dynamic arithmetic for memcpy().,,2474,2484,"		    return;
		}
		ctxt->nodemem = size;
		lastChild->content = newbuf;
	    }
	    memcpy(&lastChild->content[ctxt->nodelen], ch, len);
	    ctxt->nodelen += len;
	    lastChild->content[ctxt->nodelen] = 0;
	} else if (coalesceText) {
	    if (xmlTextConcat(lastChild, ch, len)) {
		xmlSAX2ErrMemory(ctxt, ""xmlSAX2Characters"");"
local/cpp/pointer-offset-misuse,local/cpp/pointer-offset-misuse,warning,low,"CWE-119,CWE-823",/media/shafi/Research/STAILOR/dataset/62911/libxml2_62911_vul/buf.c,798,5,798,12,Potential OOB Risk: Destination pointer derived via dynamic arithmetic for memmove().,,793,803,"	    xmlBufMemoryError(buf, ""growing buffer"");
            return XML_ERR_NO_MEMORY;
        }
    }

    memmove(&buf->content[buf->use], str, len);
    buf->use += len;
    buf->content[buf->use] = 0;
    UPDATE_COMPAT(buf)
    return 0;
}"
local/cpp/pointer-offset-misuse,local/cpp/pointer-offset-misuse,warning,low,"CWE-119,CWE-823",/media/shafi/Research/STAILOR/dataset/62911/libxml2_62911_vul/encoding.c,1128,6,1128,13,Potential OOB Risk: Destination pointer derived via dynamic arithmetic for memmove().,,1123,1133,"    for (i = 0;i < xmlCharEncodingAliasesNb;i++) {
	if (!strcmp(xmlCharEncodingAliases[i].alias, alias)) {
	    xmlFree((char *) xmlCharEncodingAliases[i].name);
	    xmlFree((char *) xmlCharEncodingAliases[i].alias);
	    xmlCharEncodingAliasesNb--;
	    memmove(&xmlCharEncodingAliases[i], &xmlCharEncodingAliases[i + 1],
		    sizeof(xmlCharEncodingAlias) * (xmlCharEncodingAliasesNb - i));
	    return(0);
	}
    }
    return(-1);"
local/cpp/pointer-offset-misuse,local/cpp/pointer-offset-misuse,warning,low,"CWE-119,CWE-823",/media/shafi/Research/STAILOR/dataset/62911/libxml2_62911_vul/xmlregexp.c,6037,2,6037,8,Potential OOB Risk: Destination pointer derived via dynamic arithmetic for memcpy().,,6032,6042,"	str = (xmlChar *) xmlMallocAtomic(lenn + lenp + 2);
	if (str == NULL)
	    goto error;
	memcpy(&str[0], token, lenp);
	str[lenp] = '|';
	memcpy(&str[lenp + 1], token2, lenn);
	str[lenn + lenp + 1] = 0;

	atom->valuep = str;
    }
    atom->data = data;"
local/cpp/pointer-offset-misuse,local/cpp/pointer-offset-misuse,warning,low,"CWE-119,CWE-823",/media/shafi/Research/STAILOR/dataset/62911/libxml2_62911_vul/xmlregexp.c,5864,2,5864,8,Potential OOB Risk: Destination pointer derived via dynamic arithmetic for memcpy().,,5859,5869,"	str = (xmlChar *) xmlMallocAtomic(lenn + lenp + 2);
	if (str == NULL)
	    goto error;
	memcpy(&str[0], token, lenp);
	str[lenp] = '|';
	memcpy(&str[lenp + 1], token2, lenn);
	str[lenn + lenp + 1] = 0;

	atom->valuep = str;
    }
    atom->data = data;"
local/cpp/pointer-offset-misuse,local/cpp/pointer-offset-misuse,warning,low,"CWE-119,CWE-823",/media/shafi/Research/STAILOR/dataset/62911/libxml2_62911_vul/xmlregexp.c,5794,2,5794,8,Potential OOB Risk: Destination pointer derived via dynamic arithmetic for memcpy().,,5789,5799,"	    xmlRegFreeAtom(atom);
	    return(NULL);
	}
	memcpy(&str[0], token, lenp);
	str[lenp] = '|';
	memcpy(&str[lenp + 1], token2, lenn);
	str[lenn + lenp + 1] = 0;

	atom->valuep = str;
    }
    snprintf((char *) err_msg, 199, ""not %s"", (const char *) atom->valuep);"
local/cpp/pointer-offset-misuse,local/cpp/pointer-offset-misuse,warning,low,"CWE-119,CWE-823",/media/shafi/Research/STAILOR/dataset/62911/libxml2_62911_vul/xmlregexp.c,5732,2,5732,8,Potential OOB Risk: Destination pointer derived via dynamic arithmetic for memcpy().,,5727,5737,"	    xmlRegFreeAtom(atom);
	    return(NULL);
	}
	memcpy(&str[0], token, lenp);
	str[lenp] = '|';
	memcpy(&str[lenp + 1], token2, lenn);
	str[lenn + lenp + 1] = 0;

	atom->valuep = str;
    }
"
local/cpp/pointer-offset-misuse,local/cpp/pointer-offset-misuse,warning,low,"CWE-119,CWE-823",/media/shafi/Research/STAILOR/dataset/62911/libxml2_62911_vul/xmlstring.c,506,5,506,11,Potential OOB Risk: Destination pointer derived via dynamic arithmetic for memcpy().,,501,511,"    ret = (xmlChar *) xmlMalloc((size_t) size + len + 1);
    if (ret == NULL) {
        return(xmlStrndup(str1, size));
    }
    memcpy(ret, str1, size);
    memcpy(&ret[size], str2, len);
    ret[size + len] = 0;
    return(ret);
}

/**"
local/cpp/pointer-offset-misuse,local/cpp/pointer-offset-misuse,warning,low,"CWE-119,CWE-823",/media/shafi/Research/STAILOR/dataset/62911/libxml2_62911_vul/tree.c,7491,5,7491,12,Potential OOB Risk: Destination pointer derived via dynamic arithmetic for memmove().,,7486,7496,"	    xmlTreeErrMemory(""growing buffer"");
            return XML_ERR_NO_MEMORY;
        }
    }

    memmove(&buf->content[len], &buf->content[0], buf->use);
    memmove(&buf->content[0], str, len);
    buf->use += len;
    buf->content[buf->use] = 0;
    return 0;
}"
local/cpp/pointer-offset-misuse,local/cpp/pointer-offset-misuse,warning,low,"CWE-119,CWE-823",/media/shafi/Research/STAILOR/dataset/62911/libxml2_62911_vul/xmlstring.c,466,5,466,11,Potential OOB Risk: Destination pointer derived via dynamic arithmetic for memcpy().,,461,471,"        return(NULL);
    ret = (xmlChar *) xmlRealloc(cur, (size_t) size + len + 1);
    if (ret == NULL) {
        return(cur);
    }
    memcpy(&ret[size], add, len);
    ret[size + len] = 0;
    return(ret);
}

/**"
local/cpp/pointer-offset-misuse,local/cpp/pointer-offset-misuse,warning,low,"CWE-119,CWE-823",/media/shafi/Research/STAILOR/dataset/62911/libxml2_62911_vul/tree.c,7426,5,7426,12,Potential OOB Risk: Destination pointer derived via dynamic arithmetic for memmove().,,7421,7431,"	    xmlTreeErrMemory(""growing buffer"");
            return XML_ERR_NO_MEMORY;
        }
    }

    memmove(&buf->content[buf->use], str, len);
    buf->use += len;
    buf->content[buf->use] = 0;
    return 0;
}
"
local/cpp/pointer-offset-misuse,local/cpp/pointer-offset-misuse,warning,low,"CWE-119,CWE-823",/media/shafi/Research/STAILOR/dataset/62911/libxml2_62911_vul/xmlregexp.c,4054,5,4054,11,Potential OOB Risk: Destination pointer derived via dynamic arithmetic for memcpy().,,4049,4059,"    } else {
	str = buf;
    }
    memcpy(&str[0], value, lenp);
    str[lenp] = XML_REG_STRING_SEPARATOR;
    memcpy(&str[lenp + 1], value2, lenn);
    str[lenn + lenp + 1] = 0;

    if (exec->comp->compact != NULL)
	ret = xmlRegCompactPushString(exec, exec->comp, str, data);
    else"
local/cpp/pointer-offset-misuse,local/cpp/pointer-offset-misuse,warning,low,"CWE-119,CWE-823",/media/shafi/Research/STAILOR/dataset/62911/libxml2_62911_vul/parser.c,9351,9,9351,15,Potential OOB Risk: Destination pointer derived via dynamic arithmetic for memset().,,9346,9356,"            table = newTable;
            ctxt->attrHash = newTable;
            ctxt->attrHashMax = newSize;
        }

        memset(&table[size], 0, (newSize - size) * sizeof(table[0]));

        if (size > 0) {
            /*
             * We must search for the start of a probe sequence to make
             * in-place operation work."
local/cpp/pointer-offset-misuse,local/cpp/pointer-offset-misuse,warning,low,"CWE-119,CWE-823",/media/shafi/Research/STAILOR/dataset/62911/libxml2_62911_vul/xmlsave.c,303,6,303,12,Potential OOB Risk: Destination pointer derived via dynamic arithmetic for memcpy().,,298,308,"        memset(&ctxt->indent[0], 0, MAX_INDENT + 1);
    } else {
	ctxt->indent_size = len;
	ctxt->indent_nr = MAX_INDENT / ctxt->indent_size;
	for (i = 0;i < ctxt->indent_nr;i++)
	    memcpy(&ctxt->indent[i * ctxt->indent_size], xmlTreeIndentString,
		   ctxt->indent_size);
        ctxt->indent[ctxt->indent_nr * ctxt->indent_size] = 0;
    }

    if (xmlSaveNoEmptyTags) {"
local/cpp/pointer-offset-misuse,local/cpp/pointer-offset-misuse,warning,low,"CWE-119,CWE-823",/media/shafi/Research/STAILOR/dataset/62911/libxml2_62911_vul/xmlschemastypes.c,6060,8,6060,15,Potential OOB Risk: Destination pointer derived via dynamic arithmetic for memmove().,,6055,6065,"			* Insert missing zeroes behind the decimal point.
			*/
			while (*(offs + i) != 0)
			    i++;
			if (i < dec.total) {
			    memmove(offs + (dec.total - i), offs, i +1);
			    memset(offs, '0', dec.total - i);
			}
		    }
		} else {
		    /*"
local/cpp/pointer-offset-misuse,local/cpp/pointer-offset-misuse,warning,low,"CWE-119,CWE-823",/media/shafi/Research/STAILOR/dataset/62911/libxml2_62911_vul/xzlib.c,522,9,522,15,Potential OOB Risk: Destination pointer derived via dynamic arithmetic for memcpy().,,517,527,"     * input to output -- this assumes that the output buffer is larger than
     * the input buffer, which also assures space for gzungetc() */
    state->raw = state->pos;
    state->next = state->out;
    if (strm->avail_in) {
        memcpy(state->next + state->have, strm->next_in, strm->avail_in);
        state->have += strm->avail_in;
        strm->avail_in = 0;
    }
    state->how = COPY;
    state->direct = 1;"
local/cpp/pointer-offset-misuse,local/cpp/pointer-offset-misuse,warning,low,"CWE-119,CWE-823",/media/shafi/Research/STAILOR/dataset/62911/libxml2_62911_vul/parser.c,5096,3,5096,9,Potential OOB Risk: Destination pointer derived via dynamic arithmetic for memcpy().,,5091,5101,"			ctxt->instate = state;
			return;
		    }
		    buf = new_buf;
		}
		memcpy(&buf[len], ctxt->input->cur, nbchar);
		len += nbchar;
		buf[len] = 0;
	    }
	}
        if (len > maxLength) {"
local/cpp/pointer-offset-misuse,local/cpp/pointer-offset-misuse,warning,low,"CWE-119,CWE-823",/media/shafi/Research/STAILOR/dataset/62911/libxml2_62911_vul/tree.c,239,5,239,11,Potential OOB Risk: Destination pointer derived via dynamic arithmetic for memcpy().,,234,244,"    } else {
	ret = memory;
    }
    memcpy(&ret[0], prefix, lenp);
    ret[lenp] = ':';
    memcpy(&ret[lenp + 1], ncname, lenn);
    ret[lenn + lenp + 1] = 0;
    return(ret);
}

/**"
